case,seed,n_chiplets,n_connections,total_wirelength_mm,avg_wirelength_mm,avg_temp_C,max_temp_C,bbox_area_mm2,bbox_width_mm,bbox_height_mm,wirelength_time_s,thermal_time_s,error
Case10_thermal0_wirelength0,121,61,60,167331.291446,15.845766,92.163909,113.020000,2002.922967,46.201282,43.352108,122.758000,10.767000,
Case10_thermal0_wirelength0p02,121,61,60,163295.315336,15.463572,92.576406,112.530000,1979.151826,46.012695,43.013169,127.723000,11.747000,
Case10_thermal0_wirelength0p2,121,61,60,157195.026584,14.885893,91.915679,116.690000,1830.440176,47.801395,38.292610,124.412000,10.224000,
Case10_thermal0_wirelength50,121,61,60,150310.634544,14.233962,92.123577,117.230000,2057.995474,46.961001,43.823501,115.125000,9.809000,
Case10_thermal0p01_wirelength0,121,61,60,165535.425132,15.675703,93.019995,113.050000,1981.233985,45.264752,43.769907,130.203000,8.121000,
Case10_thermal0p01_wirelength0p02,121,61,60,158796.200572,15.037519,92.355637,113.020000,2001.892192,46.465059,43.083819,126.853000,8.656000,
Case10_thermal0p01_wirelength0p2,121,61,60,159415.805542,15.096194,91.970784,117.110000,1792.902972,47.699333,37.587590,122.000000,10.249000,
Case10_thermal0p01_wirelength50,121,61,60,227735.575134,21.565869,90.396975,112.770000,2370.360298,47.101168,50.324873,120.325000,12.317000,
Case10_thermal0p03_wirelength0,121,61,60,160049.390732,15.156192,92.924089,113.060000,1983.372021,45.494795,43.595581,112.931000,11.725000,
Case10_thermal0p03_wirelength0p02,121,61,60,156458.163436,14.816114,92.218850,112.890000,2030.264209,46.702021,43.472727,120.005000,12.185000,
Case10_thermal0p03_wirelength0p2,121,61,60,156382.208540,14.808921,91.900801,117.090000,1822.156278,47.810380,38.112148,131.978000,8.089000,
Case10_thermal0p03_wirelength50,121,61,60,144380.294766,13.672376,93.907263,117.670000,1973.305563,43.230276,45.646379,109.044000,9.513000,
Case10_thermal0p1_wirelength0,121,61,60,167816.955920,15.891757,92.116895,111.910000,2070.745258,46.153365,44.866615,100.566000,9.228000,
Case10_thermal0p1_wirelength0p02,121,61,60,163639.744676,15.496188,92.351951,113.140000,1959.132598,46.397685,42.224792,90.361000,9.468000,
Case10_thermal0p1_wirelength0p2,121,61,60,158468.929736,15.006527,93.845300,117.160000,1730.978186,45.603759,37.956919,91.099000,7.060000,
Case10_thermal0p1_wirelength50,121,61,60,213867.417186,20.252596,89.509314,116.430000,2446.441883,51.123078,47.853963,90.155000,9.019000,
Case10_thermal0p3_wirelength0,121,61,60,156603.382878,14.829866,92.739272,112.490000,2022.308998,45.576933,44.371327,91.326000,6.921000,
Case10_thermal0p3_wirelength0p02,121,61,60,172148.703272,16.301961,91.549651,112.840000,2020.611338,47.405546,42.623944,90.559000,6.816000,
Case10_thermal0p3_wirelength0p2,121,61,60,167562.124682,15.867625,92.220293,116.820000,1804.498808,47.331449,38.124732,90.008000,9.499000,
Case10_thermal0p3_wirelength50,121,61,60,275728.227614,26.110628,92.175674,112.690000,2155.690287,47.188354,45.682676,92.743000,6.823000,
Case10_thermal100_wirelength0,121,61,60,190185.270708,18.009969,88.930054,105.090000,2299.902743,48.510015,47.410885,89.709000,9.048000,
Case10_thermal100_wirelength0p02,121,61,60,213890.992700,20.254829,88.525989,105.910000,2225.494563,48.792182,45.611704,95.472000,5.247000,
Case10_thermal100_wirelength0p2,121,61,60,180371.417964,17.080627,89.089170,106.240000,2226.219735,48.429703,45.968065,92.954000,9.096000,
Case10_thermal100_wirelength2,121,61,60,59019.703890,5.588987,97.640920,122.930000,1659.091747,42.199220,39.315697,90.782000,10.269000,
Case10_thermal100_wirelength50,121,61,60,228671.578768,21.654506,82.822131,109.340000,3198.480820,60.902975,52.517645,90.469000,5.741000,
Case10_thermal10_wirelength0,121,61,60,191196.798484,18.105757,89.176018,105.090000,2249.404479,48.112821,46.752704,90.266000,6.498000,
Case10_thermal10_wirelength0p02,121,61,60,192942.132734,18.271035,89.650317,105.220000,2224.987169,47.823663,46.524817,89.475000,9.004000,
Case10_thermal10_wirelength0p2,121,61,60,138884.852454,13.151975,91.957385,110.440000,2033.402935,46.400088,43.823256,90.395000,9.341000,
Case10_thermal10_wirelength2,121,61,60,78604.799528,7.443636,93.662815,117.950000,2082.411937,45.312305,45.956875,88.871000,9.423000,
Case10_thermal1_wirelength0,121,61,60,167903.683228,15.899970,91.449673,111.560000,2054.762551,46.994001,43.723933,90.074000,9.377000,
Case10_thermal1_wirelength0p02,121,61,60,163380.580352,15.471646,93.109175,112.590000,2000.476934,45.583070,43.886402,91.319000,7.060000,
Case10_thermal1_wirelength0p2,121,61,60,155729.264890,14.747089,93.898210,116.740000,1733.993581,45.360803,38.226695,91.714000,7.126000,
Case10_thermal1_wirelength50,121,61,60,174389.447030,16.514152,92.783530,117.890000,2078.867361,46.047734,45.145921,91.341000,9.390000,
Case10_thermal30_wirelength0,121,61,60,172494.740622,16.334729,89.858149,106.370000,2229.787032,48.055058,46.400673,92.582000,8.924000,
Case10_thermal30_wirelength0p02,121,61,60,184345.947744,17.457003,89.644150,106.930000,2235.421207,48.275626,46.305380,90.140000,9.070000,
Case10_thermal30_wirelength0p2,121,61,60,180849.845622,17.125932,89.959727,106.460000,2203.467552,47.978989,45.925677,89.605000,6.588000,
Case10_thermal30_wirelength2,121,61,60,82041.794594,7.769109,98.103535,120.720000,1684.867154,40.614226,41.484655,92.369000,7.471000,
Case10_thermal30_wirelength50,121,61,60,176627.747818,16.726112,87.016318,116.110000,2808.749960,51.610087,54.422500,88.613000,8.509000,
Case10_thermal3_wirelength0,121,61,60,169085.789610,16.011912,91.768845,110.210000,2032.213415,46.630366,43.581331,93.545000,9.255000,
Case10_thermal3_wirelength0p02,121,61,60,170259.319742,16.123042,91.480774,109.060000,2083.375438,46.713520,44.598982,92.819000,9.409000,
Case10_thermal3_wirelength0p2,121,61,60,144282.784126,13.663142,93.357417,114.000000,1821.775979,45.741580,39.827570,96.598000,6.906000,
Case10_thermal3_wirelength50,121,61,60,287046.461488,27.182430,91.385369,114.490000,2009.139555,48.046575,41.816499,94.372000,9.581000,
Case6_thermal0_wirelength0,121,20,20,301819.569432,26.795061,83.697756,101.320000,2165.833593,45.524632,47.574983,3.121000,9.628000,
Case6_thermal0_wirelength0p02,121,20,20,256401.312174,22.762901,85.169434,104.660000,2064.365407,44.784439,46.095596,3.103000,9.792000,
Case6_thermal0_wirelength0p2,121,20,20,241395.019898,21.430666,86.496589,108.370000,1982.340097,43.889700,45.166408,3.122000,9.841000,
Case6_thermal0_wirelength2,121,20,20,142801.228210,12.677666,84.291138,102.130000,2024.373549,44.646536,45.342231,3.062000,7.046000,
Case6_thermal0_wirelength50,121,20,20,363041.398406,32.230238,80.876355,103.570000,2481.401308,47.028922,52.763304,0.595000,9.333000,
Case6_thermal0p01_wirelength0,121,20,20,298576.539916,26.507150,83.769404,101.510000,2167.078094,45.542784,47.583347,3.024000,9.679000,
Case6_thermal0p01_wirelength0p02,121,20,20,283506.035328,25.169215,84.956064,104.110000,2080.207254,44.890640,46.339443,3.118000,9.692000,
Case6_thermal0p01_wirelength0p2,121,20,20,231999.071828,20.596509,87.423501,108.700000,1915.481238,43.452650,44.082035,3.090000,7.628000,
Case6_thermal0p01_wirelength2,121,20,20,145768.951242,12.941136,87.317175,106.310000,1770.320013,43.558876,40.642004,3.002000,7.288000,
Case6_thermal0p03_wirelength0,121,20,20,313988.282658,27.875380,83.367471,100.530000,2171.721122,45.558371,47.668981,3.091000,9.302000,
Case6_thermal0p03_wirelength0p02,121,20,20,276991.540990,24.590868,85.127659,104.480000,2075.009838,44.882325,46.232227,2.941000,10.096000,
Case6_thermal0p03_wirelength0p2,121,20,20,230520.474048,20.465241,87.451531,108.750000,1913.496239,43.463740,44.025117,3.141000,9.933000,
Case6_thermal0p03_wirelength2,121,20,20,111903.624472,9.934626,87.538875,109.580000,1884.244435,44.591151,42.256017,3.028000,7.572000,
Case6_thermal0p1_wirelength0,121,20,20,303731.374120,26.964788,83.478884,100.720000,2179.291877,45.635422,47.754393,2.952000,9.553000,
Case6_thermal0p1_wirelength0p02,121,20,20,261769.776894,23.239504,85.196750,104.810000,2075.199976,45.010469,46.104829,3.057000,9.573000,
Case6_thermal0p1_wirelength0p2,121,20,20,231027.100918,20.510218,87.569783,108.760000,1902.199122,43.413987,43.815352,2.953000,10.498000,
Case6_thermal0p1_wirelength2,121,20,20,110812.096410,9.837722,84.943135,109.340000,1865.359661,48.327055,38.598662,3.133000,9.571000,
Case6_thermal0p1_wirelength50,121,20,20,235847.359348,20.938153,85.472009,107.700000,1934.977370,45.491173,42.535227,3.085000,6.215000,
Case6_thermal0p3_wirelength0,121,20,20,306144.161050,27.178992,83.329409,100.860000,2162.440090,44.905451,48.155403,3.096000,5.875000,
Case6_thermal0p3_wirelength0p02,121,20,20,292430.785190,25.961540,85.029922,104.240000,2076.321768,44.981248,46.159719,3.048000,9.731000,
Case6_thermal0p3_wirelength0p2,121,20,20,230390.133270,20.453670,87.805930,108.820000,1884.423205,43.262754,43.557634,2.998000,10.158000,
Case6_thermal0p3_wirelength2,121,20,20,145286.664054,12.898319,85.433757,103.100000,1951.001167,46.114690,42.307585,2.979000,9.978000,
Case6_thermal100_wirelength0,121,20,20,318471.037744,28.273352,81.057161,96.770000,2396.590395,48.055761,49.871032,3.125000,6.820000,
Case6_thermal100_wirelength0p02,121,20,20,313958.503190,27.872736,80.816042,97.710000,2442.362960,49.930333,48.915415,3.061000,6.671000,
Case6_thermal100_wirelength0p2,121,20,20,195775.602726,17.380647,81.632329,99.380000,2378.848786,49.861986,47.708665,2.935000,9.181000,
Case6_thermal100_wirelength50,121,20,20,322183.032084,28.602897,86.755144,103.570000,1902.474353,43.626805,43.607923,3.089000,9.925000,
Case6_thermal10_wirelength0,121,20,20,308484.896742,27.386798,80.849136,98.170000,2443.015687,48.681460,50.183698,3.120000,9.012000,
Case6_thermal10_wirelength0p02,121,20,20,272789.105286,24.217783,81.670413,98.670000,2236.613639,49.731751,44.973555,0.489000,9.326000,
Case6_thermal10_wirelength0p2,121,20,20,211356.091482,18.763858,84.716416,104.160000,2032.489187,46.606579,43.609491,0.487000,9.679000,
Case6_thermal10_wirelength2,121,20,20,117807.934896,10.458801,86.172874,103.070000,1929.544265,44.277471,43.578466,2.995000,9.901000,
Case6_thermal10_wirelength50,121,20,20,300068.848470,26.639635,87.408613,106.630000,1741.449565,43.188494,40.322072,3.052000,9.852000,
Case6_thermal1_wirelength0,121,20,20,255007.312654,22.639144,83.419355,101.010000,2228.851134,46.384292,48.051852,2.991000,6.963000,
Case6_thermal1_wirelength0p02,121,20,20,260634.852358,23.138748,85.143899,104.550000,2077.832578,45.040047,46.133002,2.966000,7.311000,
Case6_thermal1_wirelength0p2,121,20,20,240469.847858,21.348531,87.107505,107.840000,1948.038782,44.345202,43.928964,2.993000,10.408000,
Case6_thermal30_wirelength0,121,20,20,353109.585296,31.348507,79.507556,97.040000,2476.632777,50.525004,49.017963,2.952000,8.950000,
Case6_thermal30_wirelength0p02,121,20,20,266107.009496,23.624557,81.878984,98.270000,2251.516428,48.317992,46.597889,2.930000,6.757000,
Case6_thermal30_wirelength0p2,121,20,20,200090.024794,17.763674,82.900210,99.760000,2099.482840,43.486250,48.279234,0.533000,9.267000,
Case6_thermal3_wirelength0,121,20,20,233139.906980,20.697790,83.603411,99.900000,2019.727911,46.801627,43.155079,3.079000,6.991000,
Case6_thermal3_wirelength0p02,121,20,20,260699.420184,23.144480,82.276223,99.410000,2263.924246,46.391973,48.799913,3.101000,6.932000,
Case6_thermal3_wirelength0p2,121,20,20,226645.718390,20.121246,84.160332,108.360000,2158.728894,48.966259,44.086049,2.900000,9.635000,
Case6_thermal3_wirelength2,121,20,20,105001.705438,9.321884,86.002957,106.740000,1903.322471,44.860345,42.427727,2.926000,9.852000,
Case7_thermal0_wirelength0,121,28,34,59058.833762,10.486299,69.556902,80.380000,558.272682,24.235407,23.035416,10.232000,8.224000,
Case7_thermal0_wirelength0p02,121,28,34,59499.953488,10.564622,69.855923,80.780000,526.861187,23.915388,22.030217,7.718000,10.952000,
Case7_thermal0_wirelength0p2,121,28,34,55121.614108,9.787218,70.658103,82.730000,487.667012,23.266264,20.960263,10.237000,11.281000,
Case7_thermal0p01_wirelength0,121,28,34,57898.121652,10.280206,69.369739,80.080000,555.668923,24.270412,22.894911,9.987000,10.872000,
Case7_thermal0p01_wirelength0p02,121,28,34,60004.193218,10.654154,69.675742,80.660000,532.366290,24.066362,22.120763,9.848000,8.295000,
Case7_thermal0p01_wirelength0p2,121,28,34,55617.567038,9.875278,70.491409,82.500000,499.597113,23.352936,21.393332,7.641000,11.434000,
Case7_thermal0p03_wirelength0,121,28,34,62634.013274,11.121096,69.431016,79.980000,561.119169,24.269623,23.120226,7.772000,10.957000,
Case7_thermal0p03_wirelength0p02,121,28,34,59067.518058,10.487841,69.999453,80.910000,526.444196,23.816977,22.103737,10.713000,11.301000,
Case7_thermal0p03_wirelength0p2,121,28,34,54275.695406,9.637020,70.754058,82.810000,482.396591,23.132025,20.854058,10.499000,8.843000,
Case7_thermal0p03_wirelength2,121,28,34,56954.625570,10.112682,69.231338,78.640000,579.833974,23.904000,24.256776,7.362000,10.964000,
Case7_thermal0p1_wirelength0,121,28,34,60070.194436,10.665873,69.142844,80.150000,565.969217,24.532734,23.069961,9.915000,8.148000,
Case7_thermal0p1_wirelength0p02,121,28,34,58883.697762,10.455202,70.158018,81.240000,527.077537,23.642912,22.293258,7.562000,10.918000,
Case7_thermal0p1_wirelength0p2,121,28,34,55282.333826,9.815755,70.665779,82.740000,487.650680,23.285237,20.942483,10.226000,11.376000,
Case7_thermal0p3_wirelength0,121,28,34,58240.628668,10.341021,69.172207,79.780000,562.715669,24.722753,22.761044,9.893000,10.819000,
Case7_thermal0p3_wirelength0p02,121,28,34,61012.911346,10.833258,69.754424,80.500000,531.760735,24.025617,22.133073,10.280000,10.955000,
Case7_thermal0p3_wirelength0p2,121,28,34,54580.721176,9.691179,70.687039,82.770000,487.647130,23.205468,21.014320,10.152000,7.953000,
Case7_thermal0p3_wirelength50,121,28,34,86851.194050,15.421022,60.259004,74.300000,1104.938277,27.746195,39.823056,10.290000,7.887000,
Case7_thermal100_wirelength0,121,28,34,62017.016032,11.011544,67.297007,77.110000,640.250193,24.232983,26.420610,10.243000,7.790000,
Case7_thermal100_wirelength0p02,121,28,34,64134.146216,11.387455,67.147087,77.150000,692.261710,26.314313,26.307421,10.402000,7.747000,
Case7_thermal100_wirelength0p2,121,28,34,50886.702614,9.035281,68.712229,81.510000,565.539256,25.271934,22.378155,10.113000,11.036000,
Case7_thermal10_wirelength0,121,28,34,69905.298072,12.412162,67.179375,77.120000,650.453263,26.325277,24.708316,7.750000,10.192000,
Case7_thermal10_wirelength0p02,121,28,34,71126.616464,12.629016,66.930740,77.230000,670.205184,26.380519,25.405307,10.107000,7.897000,
Case7_thermal10_wirelength0p2,121,28,34,59243.224364,10.519038,68.217461,81.130000,564.525683,25.509926,22.129648,10.298000,8.161000,
Case7_thermal10_wirelength50,121,28,34,55076.562696,9.779219,64.009333,76.570000,777.408296,24.802811,31.343556,10.229000,9.163000,
Case7_thermal1_wirelength0,121,28,34,63038.014808,11.192829,69.153308,80.340000,569.817602,23.446483,24.302903,7.748000,11.087000,
Case7_thermal1_wirelength0p02,121,28,34,59791.669676,10.616419,69.779031,80.580000,537.473050,23.985367,22.408373,7.688000,11.228000,
Case7_thermal1_wirelength0p2,121,28,34,52510.538954,9.323604,70.514529,82.690000,516.379228,23.334599,22.129338,10.171000,9.049000,
Case7_thermal1_wirelength50,121,28,34,118654.393222,21.067897,57.094590,71.230000,1799.462756,37.350590,48.177626,10.148000,6.709000,
Case7_thermal30_wirelength0,121,28,34,68935.804524,12.240022,67.093057,77.110000,698.667411,26.502506,26.362315,9.967000,10.162000,
Case7_thermal30_wirelength0p02,121,28,34,64633.858450,11.476182,67.254463,77.650000,661.392926,26.227110,25.217911,9.950000,7.689000,
Case7_thermal30_wirelength0p2,121,28,34,57465.454296,10.203383,69.184883,81.120000,560.774807,24.367861,23.012886,7.413000,10.935000,
Case7_thermal30_wirelength2,121,28,34,44711.924914,7.938907,69.216108,80.400000,530.146749,24.250948,21.860867,10.415000,11.018000,
Case7_thermal3_wirelength0,121,28,34,60642.898734,10.767560,67.527825,78.290000,599.382596,26.341326,22.754458,7.468000,10.179000,
Case7_thermal3_wirelength0p02,121,28,34,60304.229024,10.707427,67.793970,79.480000,603.061976,25.968408,23.222909,10.272000,10.280000,
Case7_thermal3_wirelength0p2,121,28,34,49835.051374,8.848553,70.067788,82.480000,549.152890,23.254146,23.615268,10.428000,8.975000,
Case7_thermal3_wirelength2,121,28,34,50890.032558,9.035872,69.320625,78.600000,556.344860,22.941356,24.250740,7.578000,10.914000,
Case7_thermal3_wirelength50,121,28,34,57067.695834,10.132758,66.481689,77.870000,638.441719,22.673428,28.158147,10.172000,9.665000,
Case8_thermal0_wirelength0,121,36,42,55700.987464,9.447250,72.049497,80.720000,431.581409,20.727676,20.821505,18.824000,12.207000,
Case8_thermal0_wirelength0p02,121,36,42,56386.875022,9.563581,72.626606,81.270000,415.433735,20.188996,20.577236,18.676000,12.388000,
Case8_thermal0_wirelength0p2,121,36,42,51388.178272,8.715770,72.948662,82.200000,391.574749,19.221886,20.371297,18.150000,12.415000,
Case8_thermal0_wirelength50,121,36,42,78481.399628,13.310957,69.790190,78.810000,477.445177,22.772466,20.965897,18.164000,11.267000,
Case8_thermal0p01_wirelength0,121,36,42,55855.339820,9.473429,70.979453,80.000000,452.077522,20.795884,21.738798,18.557000,11.718000,
Case8_thermal0p01_wirelength0p02,121,36,42,56523.775280,9.586800,72.543257,81.180000,417.827235,20.266904,20.616234,18.585000,12.434000,
Case8_thermal0p01_wirelength0p2,121,36,42,51490.164272,8.733067,72.915559,82.140000,392.966770,19.248714,20.415222,19.018000,12.289000,
Case8_thermal0p03_wirelength0,121,36,42,56206.930312,9.533061,71.036199,79.920000,451.147345,20.788199,21.702089,18.264000,11.770000,
Case8_thermal0p03_wirelength0p02,121,36,42,55961.930354,9.491508,72.473733,81.070000,417.101307,20.191456,20.657317,21.150000,12.487000,
Case8_thermal0p03_wirelength0p2,121,36,42,51303.516030,8.701410,72.963066,82.150000,392.055428,19.246953,20.369740,21.406000,8.690000,
Case8_thermal0p1_wirelength0,121,36,42,54181.841286,9.189593,71.744487,80.690000,434.895260,20.597331,21.114156,20.812000,8.572000,
Case8_thermal0p1_wirelength0p02,121,36,42,56140.237864,9.521750,72.497456,81.130000,418.569152,20.284777,20.634644,17.327000,12.235000,
Case8_thermal0p1_wirelength0p2,121,36,42,51490.145394,8.733064,72.805818,82.070000,391.632744,19.149956,20.450843,20.830000,10.155000,
Case8_thermal0p1_wirelength50,121,36,42,83600.936644,14.179263,71.935435,80.170000,395.195837,18.759107,21.066879,20.689000,12.101000,
Case8_thermal0p3_wirelength0,121,36,42,54154.764660,9.185001,71.241277,79.910000,441.378667,20.494515,21.536429,20.720000,8.059000,
Case8_thermal0p3_wirelength0p02,121,36,42,56315.222962,9.551429,73.028889,81.430000,399.600694,20.258008,19.725567,17.474000,12.547000,
Case8_thermal0p3_wirelength0p2,121,36,42,51329.101224,8.705750,72.696069,82.090000,395.414871,19.200558,20.593926,21.281000,12.377000,
Case8_thermal100_wirelength0,121,36,42,57736.319702,9.792456,69.770955,78.560000,472.708844,22.564353,20.949364,18.590000,11.339000,
Case8_thermal100_wirelength0p02,121,36,42,60739.194836,10.301763,69.857502,77.910000,500.217690,22.315747,22.415458,18.881000,11.246000,
Case8_thermal100_wirelength0p2,121,36,42,54947.306806,9.319421,69.617668,79.450000,496.078619,22.631074,21.920242,18.767000,11.123000,
Case8_thermal10_wirelength0,121,36,42,58238.229114,9.877583,69.663474,78.680000,495.742663,22.454072,22.078074,17.701000,11.216000,
Case8_thermal10_wirelength0p02,121,36,42,58727.868332,9.960629,69.841829,78.300000,490.872320,22.245980,22.065664,17.931000,11.670000,
Case8_thermal10_wirelength0p2,121,36,42,50733.433190,8.604721,72.402192,82.360000,410.080113,20.604765,19.902198,18.085000,12.435000,
Case8_thermal1_wirelength0,121,36,42,58038.105530,9.843641,71.055813,79.760000,450.017568,20.724786,21.713979,18.260000,11.784000,
Case8_thermal1_wirelength0p02,121,36,42,58751.258928,9.964596,71.376296,80.030000,444.169660,20.693700,21.464004,18.303000,11.867000,
Case8_thermal1_wirelength0p2,121,36,42,51542.821814,8.741998,72.846572,82.060000,389.533070,19.031156,20.468177,18.615000,12.520000,
Case8_thermal30_wirelength0,121,36,42,63963.724316,10.848664,69.931387,78.180000,491.134754,22.375863,21.949310,21.432000,8.732000,
Case8_thermal30_wirelength0p02,121,36,42,63354.409200,10.745320,69.917607,78.230000,498.880679,22.327350,22.343927,18.307000,11.766000,
Case8_thermal30_wirelength0p2,121,36,42,52830.899956,8.960465,69.656738,79.710000,490.835789,22.387660,21.924390,21.391000,8.818000,
Case8_thermal30_wirelength2,121,36,42,30734.289106,5.212736,71.201553,81.550000,439.481902,20.113718,21.849859,18.106000,11.825000,
Case8_thermal30_wirelength50,121,36,42,77889.889638,13.210633,68.993840,78.800000,476.057026,20.157596,23.616756,20.956000,10.775000,
Case8_thermal3_wirelength0,121,36,42,57281.697754,9.715349,70.813064,79.990000,458.907842,21.766597,21.083123,18.397000,11.926000,
Case8_thermal3_wirelength0p02,121,36,42,55707.872884,9.448418,72.444026,80.820000,417.747278,20.576477,20.302177,18.267000,9.822000,
Case8_thermal3_wirelength0p2,121,36,42,49845.192826,8.454069,71.803040,81.800000,392.844787,18.473662,21.265128,17.949000,12.246000,
Case9_thermal0_wirelength0,121,44,43,442590.722322,28.904828,97.694832,121.770000,3630.743160,62.460055,58.129042,33.182000,9.681000,
Case9_thermal0_wirelength0p02,121,44,43,370373.320000,24.188435,100.645366,122.970000,3413.817737,57.452097,59.420246,34.303000,10.110000,
Case9_thermal0_wirelength0p2,121,44,43,328567.610396,21.458177,98.393765,128.050000,3581.336211,63.202232,56.664711,33.520000,10.101000,
Case9_thermal0_wirelength2,121,44,43,103839.436158,6.781572,101.081753,133.650000,3651.381891,58.965111,61.924447,34.512000,10.106000,
Case9_thermal0_wirelength50,121,44,43,351053.724870,22.926706,101.847317,129.670000,3466.885410,58.623073,59.138582,33.886000,7.629000,
Case9_thermal0p01_wirelength0,121,44,43,443707.615552,28.977770,97.674441,121.750000,3672.072178,62.268621,58.971471,31.332000,9.812000,
Case9_thermal0p01_wirelength0p02,121,44,43,403197.707610,26.332139,98.866292,125.090000,3730.861850,62.043044,60.133443,33.628000,10.089000,
Case9_thermal0p01_wirelength0p2,121,44,43,302192.439578,19.735661,98.918962,126.750000,3649.646392,62.546557,58.350876,35.751000,9.828000,
Case9_thermal0p01_wirelength2,121,44,43,131958.918014,8.618007,101.315779,129.060000,3608.935140,60.504929,59.646961,34.681000,7.330000,
Case9_thermal0p03_wirelength0,121,44,43,450081.210566,29.394018,98.125972,122.530000,3562.237428,61.488035,57.933831,33.212000,9.734000,
Case9_thermal0p03_wirelength0p02,121,44,43,403314.180626,26.339745,98.161023,124.130000,3737.587127,62.926211,59.396348,36.083000,9.496000,
Case9_thermal0p03_wirelength0p2,121,44,43,316112.126462,20.644731,99.454258,125.660000,3380.591108,62.156330,54.388525,35.694000,8.255000,
Case9_thermal0p03_wirelength50,121,44,43,451862.400510,29.510345,88.038250,122.040000,4583.107407,81.126455,56.493377,29.865000,7.546000,
Case9_thermal0p1_wirelength0,121,44,43,430816.105108,28.135848,97.934629,121.140000,3652.096364,61.994300,58.910196,33.621000,7.333000,
Case9_thermal0p1_wirelength0p02,121,44,43,387153.545284,25.284322,98.822656,123.830000,3653.523118,61.992957,58.934487,32.546000,9.882000,
Case9_thermal0p1_wirelength0p2,121,44,43,309924.171082,20.240607,99.310593,125.110000,3504.712977,62.431364,56.137056,33.077000,9.889000,
Case9_thermal0p1_wirelength2,121,44,43,161168.371730,10.525625,103.692256,134.050000,3383.455171,57.786129,58.551338,32.833000,9.917000,
Case9_thermal0p1_wirelength50,121,44,43,458846.249410,29.966448,90.562935,122.330000,5040.824671,75.058710,67.158424,33.004000,6.722000,
Case9_thermal0p3_wirelength0,121,44,43,434652.990312,28.386428,97.502754,120.350000,3667.538677,62.257454,58.909230,32.329000,7.350000,
Case9_thermal0p3_wirelength0p02,121,44,43,395654.959328,25.839535,98.174412,124.320000,3739.908877,62.712003,59.636253,32.841000,8.872000,
Case9_thermal0p3_wirelength0p2,121,44,43,318752.717208,20.817184,98.663013,128.140000,3551.505815,62.668289,56.671498,32.560000,9.038000,
Case9_thermal0p3_wirelength2,121,44,43,182366.095228,11.910011,101.221465,130.540000,3612.747251,60.726797,59.491813,32.560000,8.958000,
Case9_thermal100_wirelength0,121,44,43,415104.405680,27.109744,94.672000,117.070000,4093.832903,63.574525,64.394235,33.497000,9.086000,
Case9_thermal100_wirelength0p02,121,44,43,435198.148402,28.422032,94.044460,113.220000,4157.655578,64.141814,64.819738,33.058000,8.803000,
Case9_thermal100_wirelength0p2,121,44,43,365315.461374,23.858115,96.039670,119.250000,3719.129783,58.168780,63.936871,32.906000,9.085000,
Case9_thermal100_wirelength2,121,44,43,186935.306076,12.208419,96.463616,123.980000,3929.110740,64.411586,61.000062,32.620000,8.936000,
Case9_thermal100_wirelength50,121,44,43,445691.085516,29.107307,91.550940,128.110000,4288.535366,75.779571,56.592236,33.321000,8.969000,
Case9_thermal10_wirelength0,121,44,43,409648.461872,26.753426,94.574578,113.760000,4070.321471,63.441546,64.158611,33.025000,8.637000,
Case9_thermal10_wirelength0p02,121,44,43,418957.910912,27.361410,95.325518,115.440000,3984.845364,62.525726,63.731293,33.473000,8.902000,
Case9_thermal10_wirelength0p2,121,44,43,356240.641328,23.265455,96.259238,121.420000,4067.162700,63.758977,63.789648,33.033000,9.102000,
Case9_thermal10_wirelength2,121,44,43,112297.460946,7.333951,98.608833,128.960000,3700.294204,60.950436,60.709889,33.215000,9.103000,
Case9_thermal10_wirelength50,121,44,43,575285.051630,37.570863,102.146860,127.510000,3285.130462,56.713883,57.924626,32.933000,9.388000,
Case9_thermal1_wirelength0,121,44,43,404316.587982,26.405211,98.204375,120.320000,3652.063283,60.859838,60.007772,33.088000,9.163000,
Case9_thermal1_wirelength0p02,121,44,43,410142.061938,26.785662,97.768674,119.990000,3651.995905,61.780272,59.112655,32.906000,8.912000,
Case9_thermal1_wirelength0p2,121,44,43,315869.188992,20.628866,99.817378,126.410000,3590.598153,61.021316,58.841703,32.542000,9.506000,
Case9_thermal1_wirelength2,121,44,43,107528.071918,7.022471,98.734844,126.380000,3817.682120,61.516946,62.059032,32.295000,8.950000,
Case9_thermal1_wirelength50,121,44,43,446236.167692,29.142905,98.013521,122.040000,3861.157060,63.180244,61.113361,32.333000,9.188000,
Case9_thermal30_wirelength0,121,44,43,396544.462998,25.897627,93.983215,111.760000,3998.145292,61.842905,64.650024,32.629000,8.537000,
Case9_thermal30_wirelength0p02,121,44,43,448371.618746,29.282368,93.061270,113.970000,4126.041981,63.597407,64.877519,32.487000,8.791000,
Case9_thermal30_wirelength0p2,121,44,43,405451.936712,26.479358,95.449360,119.440000,4040.936950,62.959239,64.183383,32.927000,9.115000,
Case9_thermal30_wirelength2,121,44,43,172892.360382,11.291298,97.555400,124.820000,3786.221948,62.909878,60.184856,32.630000,8.948000,
Case9_thermal3_wirelength0,121,44,43,428092.814380,27.957995,96.245903,115.820000,3815.444360,61.976586,61.562674,33.444000,8.778000,
Case9_thermal3_wirelength0p02,121,44,43,422155.882896,27.570264,96.294294,118.200000,3773.952374,63.117800,59.792204,34.233000,8.895000,
Case9_thermal3_wirelength0p2,121,44,43,376072.266828,24.560623,99.224648,126.050000,3570.067797,60.845945,58.673882,33.185000,9.205000,
Case9_thermal3_wirelength2,121,44,43,162232.077998,10.595094,98.428037,126.900000,3796.789299,62.604864,60.646874,33.370000,8.994000,
acend910_thermal0_wirelength0,121,6,5,26218.210160,10.710053,63.786362,74.960000,1564.183467,37.890335,41.281859,0.059000,8.259000,
acend910_thermal0_wirelength0p02,121,6,5,24273.771478,9.915756,62.938391,74.970000,1495.871438,34.357429,43.538515,0.059000,8.094000,
acend910_thermal0_wirelength50,121,6,5,210569.450400,86.016932,52.003340,71.480000,5663.409009,57.844535,97.907417,0.059000,5.495000,
acend910_thermal0p01_wirelength0,121,6,5,27821.880640,11.365147,63.714980,74.670000,1571.634847,38.105446,41.244363,0.059000,8.364000,
acend910_thermal0p01_wirelength0p02,121,6,5,24279.812644,9.918224,62.915186,74.960000,1494.303413,34.280253,43.590793,0.059000,8.199000,
acend910_thermal0p01_wirelength2,121,6,5,21455.441746,8.764478,62.917341,75.030000,1436.100486,32.863049,43.699551,0.062000,8.057000,
acend910_thermal0p01_wirelength50,121,6,5,34783.758958,14.209052,62.287603,74.430000,1992.205992,44.236552,45.035291,0.069000,8.261000,
acend910_thermal0p03_wirelength0,121,6,5,25919.768926,10.588141,63.805854,74.990000,1563.280166,37.889279,41.259169,0.058000,8.292000,
acend910_thermal0p03_wirelength0p02,121,6,5,24213.762694,9.891243,62.923179,74.960000,1494.345479,34.297623,43.569943,0.067000,8.259000,
acend910_thermal0p03_wirelength2,121,6,5,18636.936624,7.613128,63.031770,75.170000,1442.259867,33.214619,43.422442,0.061000,8.365000,
acend910_thermal0p03_wirelength50,121,6,5,59232.863576,24.196431,62.049404,73.150000,1744.244300,40.333095,43.245982,0.068000,7.976000,
acend910_thermal0p1_wirelength0,121,6,5,26250.206654,10.723124,63.779783,74.960000,1567.328220,37.946722,41.303389,0.057000,8.541000,
acend910_thermal0p1_wirelength0p02,121,6,5,24403.147906,9.968606,62.912847,74.970000,1511.744712,34.654178,43.623736,0.069000,8.047000,
acend910_thermal0p1_wirelength2,121,6,5,19985.514624,8.164017,63.045522,75.100000,1629.384307,37.272409,43.715562,0.071000,8.143000,
acend910_thermal0p1_wirelength50,121,6,5,132136.225314,53.977216,55.611199,71.630000,3249.294975,65.836127,49.354285,0.057000,6.334000,
acend910_thermal0p3_wirelength0,121,6,5,26040.428154,10.637430,63.707788,74.980000,1574.475345,37.929635,41.510427,0.058000,8.373000,
acend910_thermal0p3_wirelength0p02,121,6,5,24377.778048,9.958243,62.952146,74.980000,1505.580502,34.594765,43.520472,0.056000,8.156000,
acend910_thermal0p3_wirelength50,121,6,5,161986.573152,66.170986,52.487920,71.830000,3564.661859,37.030963,96.261657,0.067000,5.569000,
acend910_thermal100_wirelength0,121,6,5,20757.031022,8.479179,64.134680,75.430000,1541.940718,37.848978,40.739296,0.063000,8.608000,
acend910_thermal100_wirelength0p02,121,6,5,18898.145160,7.719831,65.458672,75.430000,1236.949924,32.957048,37.532182,0.063000,8.834000,
acend910_thermal100_wirelength2,121,6,5,22301.700406,9.110172,63.187424,75.090000,1701.033734,39.188386,43.406578,0.056000,8.128000,
acend910_thermal100_wirelength50,121,6,5,34847.913372,14.235259,62.063328,74.320000,2064.705298,45.530378,45.347862,0.065000,7.701000,
acend910_thermal10_wirelength0,121,6,5,29062.944048,11.872118,63.138423,74.610000,1626.759144,37.856374,42.971869,0.073000,8.017000,
acend910_thermal10_wirelength0p02,121,6,5,24492.445962,10.005084,64.062175,75.130000,1616.084195,40.642168,39.763730,0.056000,8.417000,
acend910_thermal10_wirelength2,121,6,5,18997.677480,7.760489,64.968167,75.540000,1284.049533,32.925095,38.999114,0.060000,8.611000,
acend910_thermal10_wirelength50,121,6,5,32021.654688,13.080741,61.540471,74.840000,1532.890116,32.227765,47.564270,0.059000,7.850000,
acend910_thermal1_wirelength0,121,6,5,26463.314834,10.810178,63.737852,74.950000,1572.134731,37.952383,41.423874,0.061000,8.510000,
acend910_thermal1_wirelength0p02,121,6,5,24451.651712,9.988420,62.911838,74.970000,1514.214932,34.705735,43.630107,0.057000,8.228000,
acend910_thermal1_wirelength2,121,6,5,18642.481256,7.615393,62.786580,75.120000,1467.153327,32.956350,44.518077,0.056000,8.177000,
acend910_thermal1_wirelength50,121,6,5,55566.874168,22.698887,59.289761,73.530000,1520.540488,27.444241,55.404720,0.066000,7.362000,
acend910_thermal30_wirelength0,121,6,5,25696.543582,10.496954,63.945569,74.990000,1572.857925,40.682309,38.661963,0.061000,8.308000,
acend910_thermal30_wirelength0p02,121,6,5,21167.321632,8.646782,63.120356,75.070000,1652.453844,37.993459,43.493114,0.067000,8.297000,
acend910_thermal30_wirelength0p2,121,6,5,18669.768016,7.626539,65.490125,75.460000,1234.003029,32.911384,37.494717,0.057000,8.939000,
acend910_thermal30_wirelength2,121,6,5,19289.801200,7.879821,63.172991,75.230000,1431.327468,32.922639,43.475478,0.064000,8.048000,
acend910_thermal3_wirelength0,121,6,5,27574.321794,11.264020,63.521812,74.780000,1592.947369,37.888926,42.042558,0.057000,8.315000,
acend910_thermal3_wirelength0p02,121,6,5,22621.973308,9.241002,63.087808,75.040000,1556.360649,35.814618,43.456017,0.059000,8.205000,
acend910_thermal3_wirelength2,121,6,5,16281.751820,6.651042,63.000002,75.400000,1435.666930,32.845365,43.709879,0.059000,8.113000,
acend910_thermal3_wirelength50,121,6,5,60040.339336,24.526282,58.210889,73.230000,1733.482711,28.910241,59.960853,0.057000,7.014000,
cpu-dram_thermal0_wirelength0,121,8,8,131403.384032,12.832362,86.613083,103.320000,1117.226012,33.840202,33.014756,0.159000,8.983000,
cpu-dram_thermal0_wirelength0p02,121,8,8,131093.313490,12.802081,87.659346,109.840000,1119.547868,34.591567,32.364763,0.162000,9.013000,
cpu-dram_thermal0_wirelength0p2,121,8,8,214474.257090,20.944752,90.834722,111.290000,905.254056,31.397738,28.831824,0.175000,9.640000,
cpu-dram_thermal0_wirelength2,121,8,8,87719.082960,8.566317,94.846160,118.210000,872.221876,28.700325,30.390662,0.183000,10.098000,
cpu-dram_thermal0p01_wirelength0,121,8,8,131560.979076,12.847752,86.682590,103.390000,1116.267412,33.814865,33.011145,0.164000,8.926000,
cpu-dram_thermal0p01_wirelength0p02,121,8,8,130225.499744,12.717334,87.931057,110.220000,1080.523955,34.330381,31.474278,0.172000,8.833000,
cpu-dram_thermal0p01_wirelength0p2,121,8,8,130241.637022,12.718910,93.458289,113.050000,813.966173,27.091664,30.044894,0.191000,9.762000,
cpu-dram_thermal0p01_wirelength2,121,8,8,91919.796204,8.976543,93.347705,115.470000,904.263433,30.915784,29.249248,0.173000,9.521000,
cpu-dram_thermal0p03_wirelength0,121,8,8,131483.671740,12.840202,86.594595,103.300000,1118.712072,33.888975,33.011092,0.160000,8.897000,
cpu-dram_thermal0p03_wirelength0p02,121,8,8,130669.851230,12.760728,87.932900,110.200000,1078.081276,34.288252,31.441710,0.166000,8.908000,
cpu-dram_thermal0p03_wirelength0p2,121,8,8,130715.370608,12.765173,93.541389,113.020000,809.604531,27.024728,29.957916,0.188000,9.861000,
cpu-dram_thermal0p03_wirelength2,121,8,8,88655.289778,8.657743,94.690381,119.880000,853.088615,28.020839,30.444792,0.164000,9.869000,
cpu-dram_thermal0p03_wirelength50,121,8,8,220998.622648,21.581897,95.233171,120.470000,841.836037,28.947793,29.081182,0.171000,10.080000,
cpu-dram_thermal0p1_wirelength0,121,8,8,131410.137862,12.833021,86.290413,102.940000,1125.599021,34.111999,32.997158,0.168000,8.744000,
cpu-dram_thermal0p1_wirelength0p02,121,8,8,131020.751374,12.794995,87.730994,109.880000,1092.884707,34.305590,31.857336,0.187000,8.783000,
cpu-dram_thermal0p1_wirelength0p2,121,8,8,130811.440230,12.774555,93.471748,113.000000,810.692062,27.032321,29.989732,0.165000,9.824000,
cpu-dram_thermal0p1_wirelength2,121,8,8,92738.149010,9.056460,97.749136,117.190000,730.658560,26.375044,27.702648,0.168000,10.460000,
cpu-dram_thermal0p1_wirelength50,121,8,8,171716.517066,16.769191,62.936711,93.070000,2823.540602,77.732071,36.324011,0.160000,5.776000,
cpu-dram_thermal0p3_wirelength0,121,8,8,136050.542520,13.286186,86.055127,101.670000,1065.583224,32.857787,32.430158,0.177000,8.941000,
cpu-dram_thermal0p3_wirelength0p02,121,8,8,124201.680478,12.129070,89.326812,110.900000,1015.767536,32.915046,30.860280,0.176000,9.275000,
cpu-dram_thermal0p3_wirelength0p2,121,8,8,130352.095796,12.729697,93.431499,112.930000,812.170920,27.051692,30.022925,0.163000,10.001000,
cpu-dram_thermal0p3_wirelength2,121,8,8,79390.326060,7.752962,95.216101,118.160000,908.669037,29.755933,30.537407,0.168000,9.922000,
cpu-dram_thermal0p3_wirelength50,121,8,8,378034.950586,36.917476,60.970022,98.210000,5459.319187,74.230032,73.545963,0.167000,5.592000,
cpu-dram_thermal100_wirelength0,121,8,8,188186.716154,18.377609,83.101929,99.850000,1149.237577,35.527150,32.348150,0.173000,8.379000,
cpu-dram_thermal100_wirelength0p02,121,8,8,131335.639700,12.825746,83.699824,101.240000,1019.129777,35.548831,28.668447,0.163000,8.499000,
cpu-dram_thermal100_wirelength0p2,121,8,8,123269.699980,12.038057,85.883999,105.080000,973.409205,34.496279,28.217803,0.161000,8.686000,
cpu-dram_thermal100_wirelength2,121,8,8,101412.422972,9.903557,93.342881,117.010000,873.292456,30.572957,28.564213,0.164000,9.781000,
cpu-dram_thermal100_wirelength50,121,8,8,184013.591800,17.970077,84.775259,116.030000,1344.066869,38.740239,34.694336,0.172000,8.438000,
cpu-dram_thermal10_wirelength0,121,8,8,157646.112136,15.395128,83.292117,100.350000,1152.283178,35.617393,32.351699,0.169000,8.530000,
cpu-dram_thermal10_wirelength0p02,121,8,8,137611.264656,13.438600,82.541277,99.800000,1231.083087,35.145706,35.027980,0.182000,8.418000,
cpu-dram_thermal10_wirelength0p2,121,8,8,117957.594396,11.519296,87.993503,106.790000,1026.655581,33.767171,30.403956,0.163000,8.941000,
cpu-dram_thermal10_wirelength2,121,8,8,84086.631656,8.211585,95.900076,120.220000,834.398201,27.793215,30.021651,0.163000,9.904000,
cpu-dram_thermal10_wirelength50,121,8,8,309535.949052,30.228120,80.757292,105.100000,1379.430566,39.882639,34.587244,0.175000,8.154000,
cpu-dram_thermal1_wirelength0,121,8,8,140918.340804,13.761557,83.757192,101.390000,1140.953381,35.201877,32.411720,0.161000,8.670000,
cpu-dram_thermal1_wirelength0p02,121,8,8,140483.008982,13.719044,86.521067,104.660000,1046.474917,34.496742,30.335471,0.168000,8.877000,
cpu-dram_thermal1_wirelength0p2,121,8,8,123321.218368,12.043088,90.958843,111.050000,852.942127,26.780636,31.849211,0.161000,9.521000,
cpu-dram_thermal1_wirelength2,121,8,8,84450.810924,8.247150,98.720125,122.820000,745.507644,27.029164,27.581602,0.169000,10.579000,
cpu-dram_thermal1_wirelength50,121,8,8,209415.203392,20.450703,95.156333,120.750000,879.294408,30.249981,29.067602,0.164000,9.927000,
cpu-dram_thermal30_wirelength0,121,8,8,160079.339646,15.632748,83.573081,101.040000,1125.736444,35.391924,31.807721,0.159000,8.602000,
cpu-dram_thermal30_wirelength0p02,121,8,8,134120.435370,13.097699,83.487017,101.200000,1088.576966,35.486505,30.675801,0.161000,8.639000,
cpu-dram_thermal30_wirelength0p2,121,8,8,119150.762064,11.635817,86.931379,106.070000,1070.815538,34.616572,30.933610,0.182000,8.829000,
cpu-dram_thermal30_wirelength2,121,8,8,82243.628008,8.031604,93.273140,116.840000,966.138994,31.616714,30.557856,0.159000,9.426000,
cpu-dram_thermal30_wirelength50,121,8,8,578715.801096,56.515215,61.599250,97.990000,5648.687664,73.704723,76.639426,0.164000,5.865000,
cpu-dram_thermal3_wirelength0,121,8,8,127921.390728,12.492323,83.689900,101.020000,1140.815481,35.558474,32.082802,0.170000,8.575000,
cpu-dram_thermal3_wirelength0p02,121,8,8,140837.305246,13.753643,83.601807,101.130000,1154.949317,35.354881,32.667323,0.181000,8.629000,
cpu-dram_thermal3_wirelength0p2,121,8,8,130474.163534,12.741618,93.367759,112.570000,818.304838,27.203462,30.080908,0.185000,9.825000,
cpu-dram_thermal3_wirelength2,121,8,8,101346.195216,9.897089,93.627427,116.380000,865.175436,30.537793,28.331302,0.161000,9.854000,
cpu-dram_thermal3_wirelength50,121,8,8,472458.981168,46.138572,60.904766,90.520000,5881.300760,77.732071,75.661187,0.161000,5.638000,
hp11_m_thermal0_wirelength0,121,11,22,216793.541896,18.818884,72.224312,91.840000,1822.484251,42.410000,42.972984,0.870000,8.046000,
hp11_m_thermal0_wirelength0p02,121,11,22,209965.085060,18.226136,73.125093,93.400000,1726.334324,41.833239,41.267049,0.878000,8.077000,
hp11_m_thermal0_wirelength0p2,121,11,22,198208.321646,17.205583,75.142253,97.920000,1551.113261,40.088357,38.692363,0.853000,8.507000,
hp11_m_thermal0_wirelength2,121,11,22,156175.584888,13.556908,76.299465,101.350000,1495.092231,37.797664,39.555149,0.864000,8.457000,
hp11_m_thermal0_wirelength50,121,11,22,296074.551208,25.700916,66.613699,90.910000,2452.066153,41.768924,58.705514,0.896000,6.911000,
hp11_m_thermal0p01_wirelength0p02,121,11,22,222399.215456,19.305487,73.531902,94.480000,1704.067124,42.301913,40.283453,0.890000,8.099000,
hp11_m_thermal0p01_wirelength0p2,121,11,22,252135.861312,21.886794,73.374092,97.280000,1800.398072,42.800552,42.064833,0.919000,8.017000,
hp11_m_thermal0p01_wirelength50,121,11,22,233390.552810,20.259597,75.772510,92.080000,1489.865846,38.512955,38.684797,0.864000,8.538000,
hp11_m_thermal0p03_wirelength0,121,11,22,286956.391294,24.909409,72.902920,91.460000,1712.783865,42.076120,40.706792,0.840000,7.970000,
hp11_m_thermal0p03_wirelength0p02,121,11,22,191074.184126,16.586301,73.373984,95.150000,1552.893332,35.698090,43.500740,0.859000,8.016000,
hp11_m_thermal0p03_wirelength0p2,121,11,22,252714.306716,21.937006,73.452546,97.260000,1726.427464,42.593317,40.532825,0.901000,7.995000,
hp11_m_thermal0p03_wirelength2,121,11,22,171942.704226,14.925582,73.813491,95.510000,1676.106709,41.983589,39.922902,0.871000,8.148000,
hp11_m_thermal0p03_wirelength50,121,11,22,228694.217746,19.851929,66.203970,93.860000,2343.148128,37.892058,61.837447,0.850000,6.946000,
hp11_m_thermal0p1_wirelength0,121,11,22,209073.884786,18.148775,73.726125,93.450000,1703.814556,40.939398,41.617968,0.887000,8.090000,
hp11_m_thermal0p1_wirelength0p2,121,11,22,253491.310848,22.004454,73.631409,97.240000,1723.023467,42.226042,40.804759,0.879000,8.200000,
hp11_m_thermal0p1_wirelength2,121,11,22,203765.284142,17.687959,75.987288,97.830000,1436.848490,37.134366,38.693228,0.901000,8.670000,
hp11_m_thermal0p1_wirelength50,121,11,22,264957.604394,22.999792,64.737014,91.500000,3244.762581,63.199376,51.341687,0.848000,6.679000,
hp11_m_thermal0p3_wirelength0p02,121,11,22,233927.002830,20.306163,72.907253,92.530000,1732.606154,42.404768,40.858758,0.883000,7.998000,
hp11_m_thermal0p3_wirelength0p2,121,11,22,242559.355628,21.055500,73.942041,97.070000,1645.557843,41.555384,39.599149,0.871000,8.084000,
hp11_m_thermal0p3_wirelength2,121,11,22,204698.629540,17.768978,74.733997,98.300000,1625.283520,40.292312,40.337311,0.852000,8.308000,
hp11_m_thermal0p3_wirelength50,121,11,22,356102.025842,30.911634,63.113535,97.300000,3405.250530,48.968590,69.539485,0.876000,6.678000,
hp11_m_thermal100_wirelength0,121,11,22,308333.518560,26.765062,72.612578,94.960000,1747.371103,42.169753,41.436598,0.857000,7.969000,
hp11_m_thermal100_wirelength0p02,121,11,22,293831.039804,25.506167,73.345151,94.750000,1753.354702,41.932787,41.813455,0.868000,8.047000,
hp11_m_thermal100_wirelength0p2,121,11,22,206248.045610,17.903476,74.933540,94.650000,1486.818963,37.308084,39.852461,0.872000,8.411000,
hp11_m_thermal10_wirelength0,121,11,22,270321.648472,23.465421,72.889631,95.710000,1695.191429,43.358105,39.097452,0.861000,8.148000,
hp11_m_thermal10_wirelength0p02,121,11,22,214923.329204,18.656539,75.155146,95.960000,1548.727125,38.933585,39.778693,0.873000,8.270000,
hp11_m_thermal10_wirelength0p2,121,11,22,234679.029648,20.371444,73.208342,94.960000,1673.128572,42.885040,39.014271,0.841000,7.986000,
hp11_m_thermal10_wirelength50,121,11,22,410573.196872,35.640034,60.280559,91.440000,3898.133590,46.488549,83.851479,0.863000,6.277000,
hp11_m_thermal1_wirelength0p02,121,11,22,269989.935466,23.436626,72.736616,91.660000,1772.254620,42.525017,41.675577,0.847000,7.945000,
hp11_m_thermal1_wirelength0p2,121,11,22,235801.154870,20.468850,73.815806,97.030000,1574.545476,42.133044,37.370798,0.880000,8.058000,
hp11_m_thermal1_wirelength2,121,11,22,142071.993666,12.332638,76.442139,102.480000,1343.160565,33.380234,40.238201,0.858000,8.530000,
hp11_m_thermal1_wirelength50,121,11,22,334980.654636,29.078182,62.870879,84.480000,3547.896546,49.372061,71.860410,0.896000,6.625000,
hp11_m_thermal30_wirelength0,121,11,22,228572.800082,19.841389,73.163284,96.380000,1671.057367,43.058075,38.809384,0.913000,8.142000,
hp11_m_thermal30_wirelength0p02,121,11,22,277409.541856,24.080689,73.204236,94.760000,1759.791581,42.264169,41.637908,0.924000,8.142000,
hp11_m_thermal30_wirelength0p2,121,11,22,228719.600824,19.854132,74.076274,96.470000,1667.075222,40.360527,41.304595,0.884000,8.184000,
hp11_m_thermal30_wirelength2,121,11,22,162241.305468,14.083447,74.990540,99.670000,1650.549406,41.160753,40.100078,0.882000,8.324000,
hp11_m_thermal30_wirelength50,121,11,22,269501.718276,23.394246,72.102649,98.850000,1851.105492,40.628165,45.562124,0.843000,7.850000,
hp11_m_thermal3_wirelength0p02,121,11,22,252404.862674,21.910144,72.349321,91.670000,1789.940877,42.940283,41.684422,0.872000,7.822000,
hp11_m_thermal3_wirelength0p2,121,11,22,215485.593444,18.705347,74.933574,96.370000,1485.160010,37.118505,40.011310,0.860000,8.136000,
hp11_m_thermal3_wirelength2,121,11,22,189246.450996,16.427643,74.599861,97.180000,1607.364537,40.849263,39.348679,0.878000,8.233000,
hp11_m_thermal3_wirelength50,121,11,22,236722.178798,20.548800,70.672996,98.300000,1745.248353,35.457515,49.220831,0.902000,7.567000,
multigpu_thermal0_wirelength0,121,6,6,83797.805556,12.123525,81.186355,96.370000,1845.304864,43.239335,42.676532,0.069000,8.607000,
multigpu_thermal0_wirelength0p02,121,6,6,77952.197682,11.277806,80.589109,96.410000,1952.537432,46.536081,41.957496,0.077000,8.580000,
multigpu_thermal0_wirelength0p2,121,6,6,76525.501058,11.071398,81.313516,99.470000,1720.730116,46.586223,36.936459,0.071000,8.690000,
multigpu_thermal0_wirelength2,121,6,6,97880.766008,14.160990,84.721643,103.450000,1644.236590,42.277583,38.891452,0.069000,9.000000,
multigpu_thermal0_wirelength50,121,6,6,203201.424766,29.398354,58.283542,87.680000,4571.994114,108.382296,42.183957,0.071000,5.828000,
multigpu_thermal0p01_wirelength0,121,6,6,83615.109128,12.097093,80.914500,96.060000,1884.185316,43.392493,43.421919,0.069000,8.550000,
multigpu_thermal0p01_wirelength0p02,121,6,6,77960.363292,11.278988,80.564219,96.440000,1951.628154,46.621795,41.860854,0.073000,8.458000,
multigpu_thermal0p01_wirelength0p2,121,6,6,76615.202482,11.084375,81.267476,99.370000,1729.573001,46.652641,37.073421,0.069000,8.560000,
multigpu_thermal0p01_wirelength2,121,6,6,85322.442954,12.344103,82.963359,99.930000,1718.003106,43.818984,39.206822,0.074000,8.799000,
multigpu_thermal0p03_wirelength0,121,6,6,83814.991160,12.126011,81.179365,96.340000,1848.393173,43.211401,42.775590,0.074000,8.664000,
multigpu_thermal0p03_wirelength0p02,121,6,6,77988.397274,11.283044,80.623408,96.470000,1949.475601,46.492097,41.931333,0.080000,8.356000,
multigpu_thermal0p03_wirelength0p2,121,6,6,78879.457614,11.411959,81.311306,99.500000,1723.869929,46.655196,36.949152,0.094000,8.438000,
multigpu_thermal0p03_wirelength2,121,6,6,96795.966396,14.004046,81.620820,100.200000,1793.329959,45.064391,39.794834,0.073000,8.536000,
multigpu_thermal0p03_wirelength50,121,6,6,147649.888510,21.361384,59.155901,84.870000,8163.402364,93.685105,87.136609,0.069000,5.777000,
multigpu_thermal0p1_wirelength0,121,6,6,83250.772800,12.044383,80.730601,95.860000,1892.847620,43.285638,43.729230,0.072000,8.376000,
multigpu_thermal0p1_wirelength0p02,121,6,6,77988.632428,11.283078,80.611829,96.370000,1957.725347,46.429829,42.165250,0.076000,8.305000,
multigpu_thermal0p1_wirelength0p2,121,6,6,76714.855184,11.098793,81.268394,99.460000,1724.351176,46.665778,36.951086,0.067000,8.412000,
multigpu_thermal0p1_wirelength2,121,6,6,73376.352610,10.615792,86.169795,100.150000,1487.457791,38.337536,38.798993,0.083000,9.165000,
multigpu_thermal0p3_wirelength0,121,6,6,85392.596880,12.354253,79.752190,95.280000,1947.991280,43.205880,45.086254,0.093000,8.299000,
multigpu_thermal0p3_wirelength0p02,121,6,6,78306.446810,11.329058,80.322666,95.760000,1999.816797,46.593344,42.920654,0.072000,8.320000,
multigpu_thermal0p3_wirelength0p2,121,6,6,112629.540248,16.294783,83.644778,97.870000,1715.728369,41.722091,41.122780,0.067000,8.706000,
multigpu_thermal0p3_wirelength2,121,6,6,77642.727086,11.233033,83.979597,102.610000,1593.688514,42.939919,37.114381,0.081000,8.746000,
multigpu_thermal0p3_wirelength50,121,6,6,95876.974128,13.871090,79.935525,102.040000,1659.503136,34.085443,48.686565,0.068000,8.423000,
multigpu_thermal100_wirelength0,121,6,6,126481.747332,18.298864,81.496506,98.730000,1856.929931,45.671063,40.658785,0.076000,8.498000,
multigpu_thermal100_wirelength0p02,121,6,6,133020.560900,19.244873,81.805820,101.130000,1895.089563,45.495053,41.654849,0.074000,8.598000,
multigpu_thermal100_wirelength0p2,121,6,6,92803.982268,13.426502,85.112681,101.050000,1619.750553,39.563337,40.940696,0.072000,8.913000,
multigpu_thermal100_wirelength2,121,6,6,120687.384832,17.460559,86.714111,101.630000,1377.522779,39.214006,35.128336,0.083000,9.202000,
multigpu_thermal100_wirelength50,121,6,6,156246.226632,22.605068,55.069937,84.970000,11750.914140,110.972010,105.890793,0.086000,5.308000,
multigpu_thermal10_wirelength0,121,6,6,80319.313898,11.620271,78.754778,93.850000,2170.413860,45.620129,47.575794,0.071000,8.153000,
multigpu_thermal10_wirelength0p02,121,6,6,94764.385388,13.710125,81.868291,96.060000,1784.379597,40.571236,43.981396,0.075000,8.675000,
multigpu_thermal10_wirelength0p2,121,6,6,127293.743150,18.416340,81.764226,94.640000,1804.859539,41.547935,43.440415,0.071000,8.637000,
multigpu_thermal10_wirelength2,121,6,6,87414.700788,12.646803,80.175034,98.130000,1918.231002,40.092020,47.845706,0.084000,8.387000,
multigpu_thermal10_wirelength50,121,6,6,423059.464890,61.206520,55.560806,86.650000,12314.787003,110.972010,110.972010,0.082000,5.531000,
multigpu_thermal1_wirelength0,121,6,6,84934.947744,12.288042,78.962888,94.640000,2026.809267,43.822760,46.250151,0.067000,8.159000,
multigpu_thermal1_wirelength0p02,121,6,6,80054.947942,11.582024,79.124121,93.950000,2182.806844,46.428071,47.014808,0.068000,8.102000,
multigpu_thermal1_wirelength0p2,121,6,6,108954.524670,15.763097,82.856262,98.140000,1752.990169,43.272848,40.510164,0.083000,8.725000,
multigpu_thermal1_wirelength2,121,6,6,76487.614364,11.065916,83.010066,100.330000,1749.838562,39.730295,44.042929,0.067000,8.708000,
multigpu_thermal1_wirelength50,121,6,6,121476.922152,17.574786,83.027234,100.410000,1716.618867,39.476934,43.484098,0.077000,8.743000,
multigpu_thermal30_wirelength0,121,6,6,80760.858592,11.684152,78.607539,94.060000,2147.284636,45.170781,47.537027,0.080000,8.064000,
multigpu_thermal30_wirelength0p02,121,6,6,79364.808544,11.482177,79.061689,93.560000,2193.443541,46.320904,47.353211,0.072000,8.111000,
multigpu_thermal30_wirelength0p2,121,6,6,114482.295886,16.562832,80.415085,94.240000,1957.213021,42.899766,45.622930,0.070000,8.271000,
multigpu_thermal30_wirelength2,121,6,6,77874.947770,11.266630,83.683884,100.270000,1786.903488,43.068504,41.489797,0.071000,8.634000,
multigpu_thermal30_wirelength50,121,6,6,100067.853504,14.477409,87.541931,102.770000,1354.973058,37.649541,35.989099,0.086000,9.395000,
multigpu_thermal3_wirelength0,121,6,6,84708.349052,12.255259,78.856055,94.370000,2149.414709,46.410729,46.312884,0.079000,8.090000,
multigpu_thermal3_wirelength0p02,121,6,6,97909.454216,14.165141,79.206108,94.800000,2122.550485,44.805399,47.372650,0.071000,8.223000,
multigpu_thermal3_wirelength0p2,121,6,6,139515.424680,20.184523,83.678921,98.030000,1707.380326,40.401939,42.259861,0.071000,8.770000,
multigpu_thermal3_wirelength2,121,6,6,97284.136158,14.074672,84.476650,101.620000,1623.689618,38.323678,42.367792,0.069000,8.959000,
multigpu_thermal3_wirelength50,121,6,6,130355.147336,18.859252,62.864170,88.590000,4378.285752,50.971267,85.897134,0.068000,6.132000,
syn1_thermal0_wirelength0,121,10,17,93725.515464,12.203843,77.398430,94.770000,1358.654460,38.754444,35.058030,0.553000,8.415000,
syn1_thermal0_wirelength0p02,121,10,17,91526.679382,11.917536,77.501006,95.380000,1309.769079,38.851680,33.712032,0.557000,8.361000,
syn1_thermal0_wirelength0p2,121,10,17,75268.067194,9.800530,80.113162,99.640000,1214.797262,35.966391,33.775901,0.542000,8.864000,
syn1_thermal0_wirelength2,121,10,17,102209.735212,13.308559,78.750728,89.440000,1297.370458,37.445767,34.646652,0.550000,8.641000,
syn1_thermal0_wirelength50,121,10,17,304271.848610,39.618730,60.455227,78.550000,3138.344472,85.593969,36.665486,0.545000,6.071000,
syn1_thermal0p01_wirelength0,121,10,17,93017.772728,12.111689,77.298113,94.820000,1353.762958,38.771789,34.916185,0.555000,8.472000,
syn1_thermal0p01_wirelength0p02,121,10,17,89196.377538,11.614112,77.687959,95.650000,1296.794988,38.745677,33.469411,0.585000,8.560000,
syn1_thermal0p01_wirelength0p2,121,10,17,84880.634106,11.052166,78.422393,97.550000,1256.435073,37.894054,33.156523,0.545000,8.694000,
syn1_thermal0p01_wirelength2,121,10,17,107699.487866,14.023371,78.696699,88.650000,1261.684735,34.271591,36.814303,0.545000,8.743000,
syn1_thermal0p01_wirelength50,121,10,17,102995.464338,13.410868,78.969849,98.750000,1299.903258,38.174353,34.051743,0.533000,8.759000,
syn1_thermal0p03_wirelength0,121,10,17,91643.910544,11.932801,77.398625,94.880000,1336.083107,38.756162,34.474082,0.568000,8.506000,
syn1_thermal0p03_wirelength0p02,121,10,17,91522.119128,11.916943,77.515410,95.380000,1309.963440,38.832812,33.733417,0.541000,8.511000,
syn1_thermal0p03_wirelength0p2,121,10,17,102001.508250,13.281446,80.759258,98.000000,1194.736946,35.178198,33.962426,0.552000,9.062000,
syn1_thermal0p03_wirelength2,121,10,17,113816.376454,14.819841,79.014011,97.360000,1267.843982,37.395007,33.904098,0.557000,8.705000,
syn1_thermal0p03_wirelength50,121,10,17,140940.904052,18.351680,81.231768,95.050000,1216.303027,34.500558,35.254590,0.553000,9.228000,
syn1_thermal0p1_wirelength0,121,10,17,92397.419354,12.030914,77.421628,94.790000,1335.014605,38.764205,34.439365,0.567000,8.409000,
syn1_thermal0p1_wirelength0p02,121,10,17,91581.853514,11.924721,77.474412,95.360000,1311.240238,38.863824,33.739352,0.532000,8.396000,
syn1_thermal0p1_wirelength0p2,121,10,17,86123.435688,11.213989,78.581689,97.360000,1247.726981,37.649542,33.140562,0.575000,8.582000,
syn1_thermal0p1_wirelength2,121,10,17,87151.714220,11.347879,80.480098,95.470000,1207.080539,35.333451,34.162543,0.551000,9.014000,
syn1_thermal0p1_wirelength50,121,10,17,518931.899684,67.569258,57.740293,73.610000,7454.072967,86.762020,85.914009,0.570000,5.555000,
syn1_thermal0p3_wirelength0,121,10,17,91460.742952,11.908951,77.381089,95.000000,1329.961674,38.785635,34.290058,0.552000,8.521000,
syn1_thermal0p3_wirelength0p02,121,10,17,89128.888030,11.605324,77.449209,95.480000,1295.159344,38.908264,33.287513,0.562000,8.527000,
syn1_thermal0p3_wirelength0p2,121,10,17,85675.222326,11.155628,78.416223,97.440000,1253.184458,37.814715,33.140127,0.565000,8.756000,
syn1_thermal0p3_wirelength50,121,10,17,131296.629856,17.095915,76.786589,97.510000,1311.067547,41.263399,31.773135,0.594000,8.406000,
syn1_thermal100_wirelength0,121,10,17,124993.403144,16.275183,75.412158,91.580000,1511.383084,40.513871,37.305324,0.538000,8.166000,
syn1_thermal100_wirelength0p02,121,10,17,113880.493176,14.828189,75.429434,91.790000,1541.430599,40.769109,37.808788,0.571000,8.165000,
syn1_thermal100_wirelength0p2,121,10,17,73975.991878,9.632291,79.446375,96.310000,1244.113231,36.510238,34.075736,0.602000,8.823000,
syn1_thermal100_wirelength2,121,10,17,115801.439444,15.078312,80.778337,97.320000,1220.593476,35.440420,34.440717,0.537000,9.094000,
syn1_thermal100_wirelength50,121,10,17,130813.036914,17.032948,73.210994,88.270000,1815.572982,38.845062,46.738836,0.565000,7.790000,
syn1_thermal10_wirelength0,121,10,17,120321.702744,15.666888,75.077791,91.810000,1629.461062,40.423464,40.309783,0.538000,8.071000,
syn1_thermal10_wirelength0p02,121,10,17,105093.391848,13.684035,76.273191,92.550000,1518.021564,39.485826,38.444721,0.579000,8.114000,
syn1_thermal10_wirelength0p2,121,10,17,76249.613644,9.928335,78.786953,98.530000,1302.164161,37.398195,34.818904,0.581000,8.579000,
syn1_thermal10_wirelength2,121,10,17,91456.846802,11.908444,78.839070,97.350000,1352.817158,37.445878,36.127265,0.552000,8.665000,
syn1_thermal10_wirelength50,121,10,17,166046.927846,21.620694,71.429167,91.270000,1628.194544,31.646484,51.449461,0.553000,7.635000,
syn1_thermal1_wirelength0,121,10,17,93279.735594,12.145799,77.345859,95.150000,1328.748449,38.996746,34.073316,0.604000,8.577000,
syn1_thermal1_wirelength0p02,121,10,17,89890.100784,11.704440,77.408821,95.270000,1296.782753,38.917999,33.320900,0.558000,8.522000,
syn1_thermal1_wirelength0p2,121,10,17,72195.405350,9.400443,80.198262,100.030000,1214.583890,35.940536,33.794262,0.559000,8.971000,
syn1_thermal1_wirelength2,121,10,17,66790.041284,8.696620,80.442966,98.850000,1120.025615,35.924022,31.177623,0.592000,9.072000,
syn1_thermal1_wirelength50,121,10,17,134891.175248,17.563955,69.057913,84.350000,2466.848235,45.804407,53.856133,0.575000,7.143000,
syn1_thermal30_wirelength0,121,10,17,125521.283480,16.343917,75.462983,91.920000,1535.703960,40.518541,37.901265,0.559000,8.196000,
syn1_thermal30_wirelength0p02,121,10,17,114886.094768,14.959127,75.454785,91.930000,1538.294857,40.715002,37.782016,0.580000,8.125000,
syn1_thermal30_wirelength0p2,121,10,17,75270.794312,9.800885,80.156006,94.190000,1222.131462,35.208088,34.711668,0.560000,8.997000,
syn1_thermal30_wirelength2,121,10,17,83005.522538,10.808011,79.565994,95.650000,1278.880359,35.207591,36.323995,0.581000,8.869000,
syn1_thermal3_wirelength0,121,10,17,102386.505818,13.331576,76.143149,94.050000,1533.140769,39.719816,38.598889,0.565000,8.351000,
syn1_thermal3_wirelength0p02,121,10,17,91648.649250,11.933418,76.783914,95.140000,1329.673549,39.821603,33.390759,0.551000,8.520000,
syn1_thermal3_wirelength0p2,121,10,17,72438.091132,9.432043,78.468848,97.670000,1276.229265,37.782622,33.778208,0.572000,8.703000,
syn1_thermal3_wirelength2,121,10,17,100561.983700,13.094008,82.409822,97.470000,1062.799883,31.834833,33.384811,0.569000,9.510000,
syn4_thermal0_wirelength0,121,13,30,196121.647152,15.021572,78.808953,88.330000,1019.258346,30.983663,32.896638,1.713000,9.200000,
syn4_thermal0_wirelength0p02,121,13,30,192122.851984,14.715292,79.600854,89.050000,989.693272,30.842384,32.088741,1.651000,9.370000,
syn4_thermal0_wirelength0p2,121,13,30,173254.151776,13.270079,81.074250,91.550000,880.612926,28.480720,30.919616,1.611000,9.661000,
syn4_thermal0p01_wirelength0,121,13,30,194443.419358,14.893032,78.888406,88.330000,1019.613614,30.986167,32.905445,1.652000,9.211000,
syn4_thermal0p01_wirelength0p02,121,13,30,192874.845624,14.772890,79.623213,89.030000,985.203029,30.745861,32.043436,1.674000,9.273000,
syn4_thermal0p01_wirelength0p2,121,13,30,181073.526548,13.868989,80.985430,91.340000,892.098505,28.866269,30.904531,1.698000,9.501000,
syn4_thermal0p01_wirelength50,121,13,30,233271.602648,17.867004,79.093479,94.570000,1092.911974,32.767583,33.353451,1.726000,9.201000,
syn4_thermal0p03_wirelength0,121,13,30,194300.600056,14.882093,78.699910,88.350000,1025.651232,30.979314,33.107616,1.721000,9.052000,
syn4_thermal0p03_wirelength0p02,121,13,30,193104.480560,14.790478,79.328445,88.940000,998.348606,30.824411,32.388246,1.755000,9.256000,
syn4_thermal0p03_wirelength0p2,121,13,30,176682.400752,13.532659,80.983401,91.320000,888.387949,28.696580,30.957973,1.636000,9.632000,
syn4_thermal0p1_wirelength0,121,13,30,193976.690840,14.857283,79.473975,88.460000,995.867494,31.019759,32.104295,1.642000,9.259000,
syn4_thermal0p1_wirelength0p02,121,13,30,193645.500832,14.831916,79.345576,88.920000,997.039772,30.815111,32.355547,1.657000,9.313000,
syn4_thermal0p1_wirelength0p2,121,13,30,178614.534328,13.680648,81.672727,91.930000,907.886735,30.368650,29.895525,1.635000,9.780000,
syn4_thermal0p3_wirelength0,121,13,30,193530.904088,14.823139,79.377019,88.560000,996.363894,30.879090,32.266621,1.712000,9.239000,
syn4_thermal0p3_wirelength0p02,121,13,30,190676.527064,14.604513,79.730750,89.000000,985.426872,30.865772,31.926202,1.690000,9.346000,
syn4_thermal0p3_wirelength0p2,121,13,30,178561.059944,13.676552,81.690029,91.950000,901.336929,30.394409,29.654695,1.725000,9.827000,
syn4_thermal100_wirelength0,121,13,30,233331.079484,17.871559,75.532832,86.070000,1198.477557,36.554024,32.786474,1.652000,8.442000,
syn4_thermal100_wirelength0p02,121,13,30,222024.926312,17.005586,76.448430,87.700000,1113.208417,36.018546,30.906534,1.651000,8.544000,
syn4_thermal100_wirelength0p2,121,13,30,150279.785460,11.510400,78.573047,90.850000,1082.172361,32.821368,32.971580,1.682000,9.067000,
syn4_thermal100_wirelength50,121,13,30,442653.841596,33.904246,63.976687,81.660000,2533.643098,62.896097,40.282994,1.638000,6.440000,
syn4_thermal10_wirelength0,121,13,30,252708.488200,19.355736,75.488940,84.180000,1202.225580,35.839742,33.544482,1.682000,8.431000,
syn4_thermal10_wirelength0p02,121,13,30,227374.884460,17.415356,75.873450,85.720000,1237.838278,35.828048,34.549420,1.657000,8.414000,
syn4_thermal10_wirelength0p2,121,13,30,161850.173376,12.396613,77.446094,89.490000,954.963247,27.150363,35.173130,1.641000,8.761000,
syn4_thermal10_wirelength50,121,13,30,228404.443072,17.494213,80.991521,90.460000,928.937014,30.213773,30.745482,1.671000,9.438000,
syn4_thermal1_wirelength0,121,13,30,194257.461176,14.878788,79.023977,88.580000,1008.866679,30.846136,32.706420,1.661000,9.085000,
syn4_thermal1_wirelength0p02,121,13,30,190676.405412,14.604504,80.178069,89.320000,964.796114,30.680088,31.446980,1.675000,9.353000,
syn4_thermal1_wirelength0p2,121,13,30,168799.864984,12.928911,80.768938,91.080000,890.891114,28.453956,31.309921,1.668000,9.415000,
syn4_thermal1_wirelength50,121,13,30,249492.091080,19.109382,80.340691,89.790000,972.988239,30.803100,31.587348,1.671000,9.324000,
syn4_thermal30_wirelength0,121,13,30,227245.853876,17.405473,76.277781,85.920000,1191.522005,35.958488,33.136043,1.660000,8.513000,
syn4_thermal30_wirelength0p02,121,13,30,232107.113400,17.777812,76.177244,87.690000,1133.496315,35.987843,31.496645,1.659000,8.494000,
syn4_thermal30_wirelength0p2,121,13,30,156296.535588,11.971242,77.036733,89.880000,1157.740376,33.522839,34.535869,1.647000,8.862000,
syn4_thermal30_wirelength50,121,13,30,265441.788420,20.331019,68.861343,86.180000,1463.134600,50.033016,29.243382,1.714000,7.175000,
syn4_thermal3_wirelength0,121,13,30,199793.775376,15.302832,78.776702,88.360000,1033.125178,32.755983,31.540045,1.645000,9.066000,
syn4_thermal3_wirelength0p02,121,13,30,197340.946984,15.114962,78.782964,88.980000,1044.267575,32.875942,31.763883,1.684000,9.074000,
syn4_thermal3_wirelength0p2,121,13,30,168803.875012,12.929218,80.333101,90.890000,900.680649,28.410443,31.702450,1.649000,9.321000,
xerox8_m_thermal0_wirelength0,121,8,16,190336.193438,19.064122,64.289883,80.660000,2223.571218,44.845580,49.582840,0.328000,8.117000,
xerox8_m_thermal0_wirelength0p02,121,8,16,188112.679394,18.841414,64.641228,80.790000,2085.632822,42.765075,48.769535,0.348000,8.163000,
xerox8_m_thermal0_wirelength0p2,121,8,16,167980.209386,16.824941,66.598582,84.910000,1788.991207,44.080820,40.584345,0.354000,8.542000,
xerox8_m_thermal0p01_wirelength0,121,8,16,188775.294478,18.907782,64.317600,80.550000,2185.651887,44.106317,49.554169,0.320000,8.186000,
xerox8_m_thermal0p01_wirelength0p02,121,8,16,188308.480498,18.861026,64.619780,80.790000,2090.042951,42.802976,48.829384,0.346000,8.214000,
xerox8_m_thermal0p01_wirelength0p2,121,8,16,155282.088722,15.553094,66.361289,84.790000,1911.826015,43.452596,43.997970,0.316000,8.356000,
xerox8_m_thermal0p01_wirelength50,121,8,16,140703.983624,14.092947,64.461343,83.620000,2434.002495,49.467634,49.203940,0.320000,8.112000,
xerox8_m_thermal0p03_wirelength0,121,8,16,190240.132030,19.054500,64.285618,80.630000,2222.373264,44.827956,49.575610,0.326000,8.093000,
xerox8_m_thermal0p03_wirelength0p02,121,8,16,188027.868250,18.832919,64.639854,80.780000,2088.113607,42.798793,48.789077,0.356000,7.906000,
xerox8_m_thermal0p03_wirelength0p2,121,8,16,171545.475918,17.182039,66.195981,84.870000,1836.665716,45.131792,40.695608,0.418000,9.162000,
xerox8_m_thermal0p1_wirelength0,121,8,16,190601.784988,19.090724,64.314346,80.620000,2213.580266,44.762772,49.451367,0.403000,8.990000,
xerox8_m_thermal0p1_wirelength0p02,121,8,16,188395.271944,18.869719,64.608499,80.780000,2093.064437,42.791009,48.913650,0.403000,8.897000,
xerox8_m_thermal0p1_wirelength0p2,121,8,16,154502.928290,15.475053,66.372029,84.800000,1913.071666,43.490292,43.988476,0.366000,9.233000,
xerox8_m_thermal0p1_wirelength50,121,8,16,231508.004360,23.187901,60.411003,82.170000,3328.498289,66.103446,50.352871,0.353000,5.574000,
xerox8_m_thermal0p3_wirelength0,121,8,16,190909.863560,19.121581,64.143716,80.580000,2231.003299,44.625039,49.994428,-1.509000,8.864000,
xerox8_m_thermal0p3_wirelength0p02,121,8,16,189062.232986,18.936522,64.517280,80.720000,2104.482881,42.812409,49.155909,0.372000,8.819000,
xerox8_m_thermal0p3_wirelength0p2,121,8,16,146835.400284,14.707071,66.504980,84.930000,1910.668322,43.450953,43.972990,0.376000,9.630000,
xerox8_m_thermal0p3_wirelength50,121,8,16,304563.091012,30.505117,60.927747,82.010000,2529.128646,40.365389,62.655872,0.373000,7.942000,
xerox8_m_thermal100_wirelength0,121,8,16,179400.511338,17.968801,63.608379,79.170000,2540.060295,49.970634,50.831060,0.386000,8.882000,
xerox8_m_thermal100_wirelength0p02,121,8,16,182907.123302,18.320024,62.845815,75.740000,2569.793367,50.076774,51.317071,0.354000,6.717000,
xerox8_m_thermal100_wirelength0p2,121,8,16,172716.958044,17.299375,64.803074,81.170000,1958.200512,46.298398,42.295211,0.399000,7.326000,
xerox8_m_thermal100_wirelength50,121,8,16,212539.283940,21.287989,64.104165,85.650000,2357.807507,44.569989,52.901236,0.393000,8.637000,
xerox8_m_thermal10_wirelength0,121,8,16,179944.752686,18.023313,63.669590,79.360000,2450.381475,48.101791,50.941585,0.400000,8.533000,
xerox8_m_thermal10_wirelength0p02,121,8,16,176177.413834,17.645975,63.825210,79.150000,2403.259657,47.412346,50.688478,0.393000,8.836000,
xerox8_m_thermal10_wirelength0p2,121,8,16,201725.975488,20.204925,66.528093,85.080000,1773.518878,44.478929,39.873237,0.340000,9.291000,
xerox8_m_thermal10_wirelength50,121,8,16,395333.135376,39.596668,56.782776,78.920000,5322.630492,64.946792,81.953709,0.384000,6.970000,
xerox8_m_thermal1_wirelength0,121,8,16,191929.754204,19.223733,64.322080,80.510000,2181.707598,44.110487,49.460066,0.338000,6.883000,
xerox8_m_thermal1_wirelength0p02,121,8,16,189008.485370,18.931138,64.489114,80.400000,2086.099551,42.463657,49.126705,0.392000,6.939000,
xerox8_m_thermal1_wirelength0p2,121,8,16,152455.383146,15.269970,67.593169,85.420000,1706.112031,42.209789,40.419819,0.354000,9.500000,
xerox8_m_thermal30_wirelength0,121,8,16,181581.097432,18.187209,63.585291,79.340000,2579.181293,50.640190,50.931509,0.402000,8.550000,
xerox8_m_thermal30_wirelength0p02,121,8,16,180739.605150,18.102925,63.498044,78.920000,2586.448704,50.653621,51.061477,0.359000,8.655000,
xerox8_m_thermal30_wirelength0p2,121,8,16,191648.378204,19.195551,65.326855,81.820000,1875.225719,45.786622,40.955756,0.400000,9.117000,
xerox8_m_thermal30_wirelength50,121,8,16,1106297.179168,110.807009,51.553418,73.580000,13019.427339,111.652500,116.606680,0.400000,5.827000,
xerox8_m_thermal3_wirelength0,121,8,16,169493.328616,16.976495,63.941897,80.490000,2279.845905,45.389874,50.228073,0.389000,8.934000,
xerox8_m_thermal3_wirelength0p02,121,8,16,162966.165878,16.322733,64.708188,80.380000,2208.874037,45.750501,48.280871,0.395000,7.145000,
xerox8_m_thermal3_wirelength0p2,121,8,16,200576.362794,20.089780,65.643333,84.430000,1977.840783,46.633703,42.412261,0.392000,7.076000,
xerox8_m_thermal3_wirelength50,121,8,16,464441.910432,46.518621,54.469648,73.550000,8343.212995,95.338677,87.511315,0.380000,6.658000,
