case,candidate,seed,thermal_weight,wirelength_weight,legalization_status,is_legal,before_overlap_pairs,after_overlap_pairs,source_input,legalized_json,compare_png,eval_input,eval_stem
acend910,3,121,0.0,0.2,ok,true,5,3,legalized/acend910_candidate03_thermal0_wirelength0p2_seed121_legalized_illegal.json,legalized/acend910_candidate03_thermal0_wirelength0p2_seed121_legalized_illegal_legal.json,legalized/acend910_candidate03_thermal0_wirelength0p2_seed121_legalized_illegal_legal_compare.png,/root/placement/flow_tap/resultEval/FM_result/pareto_weight_sweep_seed121_illegal_pairs_format/acend910_thermal0_wirelength0p2_seed121.json,acend910_thermal0_wirelength0p2_seed121
acend910,4,121,0.0,2.0,ok,true,7,1,legalized/acend910_candidate04_thermal0_wirelength2_seed121_legalized_illegal.json,legalized/acend910_candidate04_thermal0_wirelength2_seed121_legalized_illegal_legal.json,legalized/acend910_candidate04_thermal0_wirelength2_seed121_legalized_illegal_legal_compare.png,/root/placement/flow_tap/resultEval/FM_result/pareto_weight_sweep_seed121_illegal_pairs_format/acend910_thermal0_wirelength2_seed121.json,acend910_thermal0_wirelength2_seed121
acend910,8,121,0.01,0.2,ok,true,5,1,legalized/acend910_candidate08_thermal0p01_wirelength0p2_seed121_legalized_illegal.json,legalized/acend910_candidate08_thermal0p01_wirelength0p2_seed121_legalized_illegal_legal.json,legalized/acend910_candidate08_thermal0p01_wirelength0p2_seed121_legalized_illegal_legal_compare.png,/root/placement/flow_tap/resultEval/FM_result/pareto_weight_sweep_seed121_illegal_pairs_format/acend910_thermal0p01_wirelength0p2_seed121.json,acend910_thermal0p01_wirelength0p2_seed121
acend910,13,121,0.03,0.2,ok,true,4,2,legalized/acend910_candidate13_thermal0p03_wirelength0p2_seed121_legalized_illegal.json,legalized/acend910_candidate13_thermal0p03_wirelength0p2_seed121_legalized_illegal_legal.json,legalized/acend910_candidate13_thermal0p03_wirelength0p2_seed121_legalized_illegal_legal_compare.png,/root/placement/flow_tap/resultEval/FM_result/pareto_weight_sweep_seed121_illegal_pairs_format/acend910_thermal0p03_wirelength0p2_seed121.json,acend910_thermal0p03_wirelength0p2_seed121
Case10,4,121,0.0,2.0,ok,true,89,89,legalized/Case10_candidate04_thermal0_wirelength2_seed121_legalized_illegal.json,legalized/Case10_candidate04_thermal0_wirelength2_seed121_legalized_illegal_legal.json,legalized/Case10_candidate04_thermal0_wirelength2_seed121_legalized_illegal_legal_compare.png,/root/placement/flow_tap/resultEval/FM_result/pareto_weight_sweep_seed121_illegal_pairs_format/Case10_thermal0_wirelength2_seed121.json,Case10_thermal0_wirelength2_seed121
Case10,9,121,0.01,2.0,ok,true,77,24,legalized/Case10_candidate09_thermal0p01_wirelength2_seed121_legalized_illegal.json,legalized/Case10_candidate09_thermal0p01_wirelength2_seed121_legalized_illegal_legal.json,legalized/Case10_candidate09_thermal0p01_wirelength2_seed121_legalized_illegal_legal_compare.png,/root/placement/flow_tap/resultEval/FM_result/pareto_weight_sweep_seed121_illegal_pairs_format/Case10_thermal0p01_wirelength2_seed121.json,Case10_thermal0p01_wirelength2_seed121
Case10,14,121,0.03,2.0,ok,true,77,37,legalized/Case10_candidate14_thermal0p03_wirelength2_seed121_legalized_illegal.json,legalized/Case10_candidate14_thermal0p03_wirelength2_seed121_legalized_illegal_legal.json,legalized/Case10_candidate14_thermal0p03_wirelength2_seed121_legalized_illegal_legal_compare.png,/root/placement/flow_tap/resultEval/FM_result/pareto_weight_sweep_seed121_illegal_pairs_format/Case10_thermal0p03_wirelength2_seed121.json,Case10_thermal0p03_wirelength2_seed121
Case10,19,121,0.1,2.0,ok,true,48,4,legalized/Case10_candidate19_thermal0p1_wirelength2_seed121_legalized_illegal.json,legalized/Case10_candidate19_thermal0p1_wirelength2_seed121_legalized_illegal_legal.json,legalized/Case10_candidate19_thermal0p1_wirelength2_seed121_legalized_illegal_legal_compare.png,/root/placement/flow_tap/resultEval/FM_result/pareto_weight_sweep_seed121_illegal_pairs_format/Case10_thermal0p1_wirelength2_seed121.json,Case10_thermal0p1_wirelength2_seed121
Case10,24,121,0.3,2.0,ok,true,56,6,legalized/Case10_candidate24_thermal0p3_wirelength2_seed121_legalized_illegal.json,legalized/Case10_candidate24_thermal0p3_wirelength2_seed121_legalized_illegal_legal.json,legalized/Case10_candidate24_thermal0p3_wirelength2_seed121_legalized_illegal_legal_compare.png,/root/placement/flow_tap/resultEval/FM_result/pareto_weight_sweep_seed121_illegal_pairs_format/Case10_thermal0p3_wirelength2_seed121.json,Case10_thermal0p3_wirelength2_seed121
Case10,29,121,1.0,2.0,ok,true,80,60,legalized/Case10_candidate29_thermal1_wirelength2_seed121_legalized_illegal.json,legalized/Case10_candidate29_thermal1_wirelength2_seed121_legalized_illegal_legal.json,legalized/Case10_candidate29_thermal1_wirelength2_seed121_legalized_illegal_legal_compare.png,/root/placement/flow_tap/resultEval/FM_result/pareto_weight_sweep_seed121_illegal_pairs_format/Case10_thermal1_wirelength2_seed121.json,Case10_thermal1_wirelength2_seed121
Case10,34,121,3.0,2.0,ok,true,88,10,legalized/Case10_candidate34_thermal3_wirelength2_seed121_legalized_illegal.json,legalized/Case10_candidate34_thermal3_wirelength2_seed121_legalized_illegal_legal.json,legalized/Case10_candidate34_thermal3_wirelength2_seed121_legalized_illegal_legal_compare.png,/root/placement/flow_tap/resultEval/FM_result/pareto_weight_sweep_seed121_illegal_pairs_format/Case10_thermal3_wirelength2_seed121.json,Case10_thermal3_wirelength2_seed121
Case10,40,121,10.0,50.0,ok,true,62,32,legalized/Case10_candidate40_thermal10_wirelength50_seed121_legalized_illegal.json,legalized/Case10_candidate40_thermal10_wirelength50_seed121_legalized_illegal_legal.json,legalized/Case10_candidate40_thermal10_wirelength50_seed121_legalized_illegal_legal_compare.png,/root/placement/flow_tap/resultEval/FM_result/pareto_weight_sweep_seed121_illegal_pairs_format/Case10_thermal10_wirelength50_seed121.json,Case10_thermal10_wirelength50_seed121
Case6,10,121,0.01,50.0,ok,true,59,33,legalized/Case6_candidate10_thermal0p01_wirelength50_seed121_legalized_illegal.json,legalized/Case6_candidate10_thermal0p01_wirelength50_seed121_legalized_illegal_legal.json,legalized/Case6_candidate10_thermal0p01_wirelength50_seed121_legalized_illegal_legal_compare.png,/root/placement/flow_tap/resultEval/FM_result/pareto_weight_sweep_seed121_illegal_pairs_format/Case6_thermal0p01_wirelength50_seed121.json,Case6_thermal0p01_wirelength50_seed121
Case6,15,121,0.03,50.0,ok,true,58,46,legalized/Case6_candidate15_thermal0p03_wirelength50_seed121_legalized_illegal.json,legalized/Case6_candidate15_thermal0p03_wirelength50_seed121_legalized_illegal_legal.json,legalized/Case6_candidate15_thermal0p03_wirelength50_seed121_legalized_illegal_legal_compare.png,/root/placement/flow_tap/resultEval/FM_result/pareto_weight_sweep_seed121_illegal_pairs_format/Case6_thermal0p03_wirelength50_seed121.json,Case6_thermal0p03_wirelength50_seed121
Case6,25,121,0.3,50.0,ok,true,19,14,legalized/Case6_candidate25_thermal0p3_wirelength50_seed121_legalized_illegal.json,legalized/Case6_candidate25_thermal0p3_wirelength50_seed121_legalized_illegal_legal.json,legalized/Case6_candidate25_thermal0p3_wirelength50_seed121_legalized_illegal_legal_compare.png,/root/placement/flow_tap/resultEval/FM_result/pareto_weight_sweep_seed121_illegal_pairs_format/Case6_thermal0p3_wirelength50_seed121.json,Case6_thermal0p3_wirelength50_seed121
Case6,29,121,1.0,2.0,ok,true,23,13,legalized/Case6_candidate29_thermal1_wirelength2_seed121_legalized_illegal.json,legalized/Case6_candidate29_thermal1_wirelength2_seed121_legalized_illegal_legal.json,legalized/Case6_candidate29_thermal1_wirelength2_seed121_legalized_illegal_legal_compare.png,/root/placement/flow_tap/resultEval/FM_result/pareto_weight_sweep_seed121_illegal_pairs_format/Case6_thermal1_wirelength2_seed121.json,Case6_thermal1_wirelength2_seed121
Case6,30,121,1.0,50.0,ok,true,38,7,legalized/Case6_candidate30_thermal1_wirelength50_seed121_legalized_illegal.json,legalized/Case6_candidate30_thermal1_wirelength50_seed121_legalized_illegal_legal.json,legalized/Case6_candidate30_thermal1_wirelength50_seed121_legalized_illegal_legal_compare.png,/root/placement/flow_tap/resultEval/FM_result/pareto_weight_sweep_seed121_illegal_pairs_format/Case6_thermal1_wirelength50_seed121.json,Case6_thermal1_wirelength50_seed121
Case6,35,121,3.0,50.0,ok,true,28,20,legalized/Case6_candidate35_thermal3_wirelength50_seed121_legalized_illegal.json,legalized/Case6_candidate35_thermal3_wirelength50_seed121_legalized_illegal_legal.json,legalized/Case6_candidate35_thermal3_wirelength50_seed121_legalized_illegal_legal_compare.png,/root/placement/flow_tap/resultEval/FM_result/pareto_weight_sweep_seed121_illegal_pairs_format/Case6_thermal3_wirelength50_seed121.json,Case6_thermal3_wirelength50_seed121
Case6,44,121,30.0,2.0,ok,true,25,5,legalized/Case6_candidate44_thermal30_wirelength2_seed121_legalized_illegal.json,legalized/Case6_candidate44_thermal30_wirelength2_seed121_legalized_illegal_legal.json,legalized/Case6_candidate44_thermal30_wirelength2_seed121_legalized_illegal_legal_compare.png,/root/placement/flow_tap/resultEval/FM_result/pareto_weight_sweep_seed121_illegal_pairs_format/Case6_thermal30_wirelength2_seed121.json,Case6_thermal30_wirelength2_seed121
Case6,45,121,30.0,50.0,ok,true,66,42,legalized/Case6_candidate45_thermal30_wirelength50_seed121_legalized_illegal.json,legalized/Case6_candidate45_thermal30_wirelength50_seed121_legalized_illegal_legal.json,legalized/Case6_candidate45_thermal30_wirelength50_seed121_legalized_illegal_legal_compare.png,/root/placement/flow_tap/resultEval/FM_result/pareto_weight_sweep_seed121_illegal_pairs_format/Case6_thermal30_wirelength50_seed121.json,Case6_thermal30_wirelength50_seed121
Case6,49,121,100.0,2.0,ok,true,24,7,legalized/Case6_candidate49_thermal100_wirelength2_seed121_legalized_illegal.json,legalized/Case6_candidate49_thermal100_wirelength2_seed121_legalized_illegal_legal.json,legalized/Case6_candidate49_thermal100_wirelength2_seed121_legalized_illegal_legal_compare.png,/root/placement/flow_tap/resultEval/FM_result/pareto_weight_sweep_seed121_illegal_pairs_format/Case6_thermal100_wirelength2_seed121.json,Case6_thermal100_wirelength2_seed121
Case7,4,121,0.0,2.0,ok,true,39,39,legalized/Case7_candidate04_thermal0_wirelength2_seed121_legalized_illegal.json,legalized/Case7_candidate04_thermal0_wirelength2_seed121_legalized_illegal_legal.json,legalized/Case7_candidate04_thermal0_wirelength2_seed121_legalized_illegal_legal_compare.png,/root/placement/flow_tap/resultEval/FM_result/pareto_weight_sweep_seed121_illegal_pairs_format/Case7_thermal0_wirelength2_seed121.json,Case7_thermal0_wirelength2_seed121
Case7,5,121,0.0,50.0,ok,true,77,59,legalized/Case7_candidate05_thermal0_wirelength50_seed121_legalized_illegal.json,legalized/Case7_candidate05_thermal0_wirelength50_seed121_legalized_illegal_legal.json,legalized/Case7_candidate05_thermal0_wirelength50_seed121_legalized_illegal_legal_compare.png,/root/placement/flow_tap/resultEval/FM_result/pareto_weight_sweep_seed121_illegal_pairs_format/Case7_thermal0_wirelength50_seed121.json,Case7_thermal0_wirelength50_seed121
Case7,9,121,0.01,2.0,ok,true,44,1,legalized/Case7_candidate09_thermal0p01_wirelength2_seed121_legalized_illegal.json,legalized/Case7_candidate09_thermal0p01_wirelength2_seed121_legalized_illegal_legal.json,legalized/Case7_candidate09_thermal0p01_wirelength2_seed121_legalized_illegal_legal_compare.png,/root/placement/flow_tap/resultEval/FM_result/pareto_weight_sweep_seed121_illegal_pairs_format/Case7_thermal0p01_wirelength2_seed121.json,Case7_thermal0p01_wirelength2_seed121
Case7,10,121,0.01,50.0,ok,true,91,75,legalized/Case7_candidate10_thermal0p01_wirelength50_seed121_legalized_illegal.json,legalized/Case7_candidate10_thermal0p01_wirelength50_seed121_legalized_illegal_legal.json,legalized/Case7_candidate10_thermal0p01_wirelength50_seed121_legalized_illegal_legal_compare.png,/root/placement/flow_tap/resultEval/FM_result/pareto_weight_sweep_seed121_illegal_pairs_format/Case7_thermal0p01_wirelength50_seed121.json,Case7_thermal0p01_wirelength50_seed121
Case7,15,121,0.03,50.0,ok,true,72,23,legalized/Case7_candidate15_thermal0p03_wirelength50_seed121_legalized_illegal.json,legalized/Case7_candidate15_thermal0p03_wirelength50_seed121_legalized_illegal_legal.json,legalized/Case7_candidate15_thermal0p03_wirelength50_seed121_legalized_illegal_legal_compare.png,/root/placement/flow_tap/resultEval/FM_result/pareto_weight_sweep_seed121_illegal_pairs_format/Case7_thermal0p03_wirelength50_seed121.json,Case7_thermal0p03_wirelength50_seed121
Case7,19,121,0.1,2.0,ok,true,30,17,legalized/Case7_candidate19_thermal0p1_wirelength2_seed121_legalized_illegal.json,legalized/Case7_candidate19_thermal0p1_wirelength2_seed121_legalized_illegal_legal.json,legalized/Case7_candidate19_thermal0p1_wirelength2_seed121_legalized_illegal_legal_compare.png,/root/placement/flow_tap/resultEval/FM_result/pareto_weight_sweep_seed121_illegal_pairs_format/Case7_thermal0p1_wirelength2_seed121.json,Case7_thermal0p1_wirelength2_seed121
Case7,20,121,0.1,50.0,ok,true,70,6,legalized/Case7_candidate20_thermal0p1_wirelength50_seed121_legalized_illegal.json,legalized/Case7_candidate20_thermal0p1_wirelength50_seed121_legalized_illegal_legal.json,legalized/Case7_candidate20_thermal0p1_wirelength50_seed121_legalized_illegal_legal_compare.png,/root/placement/flow_tap/resultEval/FM_result/pareto_weight_sweep_seed121_illegal_pairs_format/Case7_thermal0p1_wirelength50_seed121.json,Case7_thermal0p1_wirelength50_seed121
Case7,24,121,0.3,2.0,ok,true,38,32,legalized/Case7_candidate24_thermal0p3_wirelength2_seed121_legalized_illegal.json,legalized/Case7_candidate24_thermal0p3_wirelength2_seed121_legalized_illegal_legal.json,legalized/Case7_candidate24_thermal0p3_wirelength2_seed121_legalized_illegal_legal_compare.png,/root/placement/flow_tap/resultEval/FM_result/pareto_weight_sweep_seed121_illegal_pairs_format/Case7_thermal0p3_wirelength2_seed121.json,Case7_thermal0p3_wirelength2_seed121
Case7,29,121,1.0,2.0,ok,true,33,33,legalized/Case7_candidate29_thermal1_wirelength2_seed121_legalized_illegal.json,legalized/Case7_candidate29_thermal1_wirelength2_seed121_legalized_illegal_legal.json,legalized/Case7_candidate29_thermal1_wirelength2_seed121_legalized_illegal_legal_compare.png,/root/placement/flow_tap/resultEval/FM_result/pareto_weight_sweep_seed121_illegal_pairs_format/Case7_thermal1_wirelength2_seed121.json,Case7_thermal1_wirelength2_seed121
Case7,39,121,10.0,2.0,ok,true,55,29,legalized/Case7_candidate39_thermal10_wirelength2_seed121_legalized_illegal.json,legalized/Case7_candidate39_thermal10_wirelength2_seed121_legalized_illegal_legal.json,legalized/Case7_candidate39_thermal10_wirelength2_seed121_legalized_illegal_legal_compare.png,/root/placement/flow_tap/resultEval/FM_result/pareto_weight_sweep_seed121_illegal_pairs_format/Case7_thermal10_wirelength2_seed121.json,Case7_thermal10_wirelength2_seed121
Case7,45,121,30.0,50.0,ok,true,68,21,legalized/Case7_candidate45_thermal30_wirelength50_seed121_legalized_illegal.json,legalized/Case7_candidate45_thermal30_wirelength50_seed121_legalized_illegal_legal.json,legalized/Case7_candidate45_thermal30_wirelength50_seed121_legalized_illegal_legal_compare.png,/root/placement/flow_tap/resultEval/FM_result/pareto_weight_sweep_seed121_illegal_pairs_format/Case7_thermal30_wirelength50_seed121.json,Case7_thermal30_wirelength50_seed121
Case7,49,121,100.0,2.0,ok,true,44,18,legalized/Case7_candidate49_thermal100_wirelength2_seed121_legalized_illegal.json,legalized/Case7_candidate49_thermal100_wirelength2_seed121_legalized_illegal_legal.json,legalized/Case7_candidate49_thermal100_wirelength2_seed121_legalized_illegal_legal_compare.png,/root/placement/flow_tap/resultEval/FM_result/pareto_weight_sweep_seed121_illegal_pairs_format/Case7_thermal100_wirelength2_seed121.json,Case7_thermal100_wirelength2_seed121
Case7,50,121,100.0,50.0,ok,true,77,70,legalized/Case7_candidate50_thermal100_wirelength50_seed121_legalized_illegal.json,legalized/Case7_candidate50_thermal100_wirelength50_seed121_legalized_illegal_legal.json,legalized/Case7_candidate50_thermal100_wirelength50_seed121_legalized_illegal_legal_compare.png,/root/placement/flow_tap/resultEval/FM_result/pareto_weight_sweep_seed121_illegal_pairs_format/Case7_thermal100_wirelength50_seed121.json,Case7_thermal100_wirelength50_seed121
Case8,4,121,0.0,2.0,ok,true,41,18,legalized/Case8_candidate04_thermal0_wirelength2_seed121_legalized_illegal.json,legalized/Case8_candidate04_thermal0_wirelength2_seed121_legalized_illegal_legal.json,legalized/Case8_candidate04_thermal0_wirelength2_seed121_legalized_illegal_legal_compare.png,/root/placement/flow_tap/resultEval/FM_result/pareto_weight_sweep_seed121_illegal_pairs_format/Case8_thermal0_wirelength2_seed121.json,Case8_thermal0_wirelength2_seed121
Case8,9,121,0.01,2.0,ok,true,46,10,legalized/Case8_candidate09_thermal0p01_wirelength2_seed121_legalized_illegal.json,legalized/Case8_candidate09_thermal0p01_wirelength2_seed121_legalized_illegal_legal.json,legalized/Case8_candidate09_thermal0p01_wirelength2_seed121_legalized_illegal_legal_compare.png,/root/placement/flow_tap/resultEval/FM_result/pareto_weight_sweep_seed121_illegal_pairs_format/Case8_thermal0p01_wirelength2_seed121.json,Case8_thermal0p01_wirelength2_seed121
Case8,10,121,0.01,50.0,ok,true,118,36,legalized/Case8_candidate10_thermal0p01_wirelength50_seed121_legalized_illegal.json,legalized/Case8_candidate10_thermal0p01_wirelength50_seed121_legalized_illegal_legal.json,legalized/Case8_candidate10_thermal0p01_wirelength50_seed121_legalized_illegal_legal_compare.png,/root/placement/flow_tap/resultEval/FM_result/pareto_weight_sweep_seed121_illegal_pairs_format/Case8_thermal0p01_wirelength50_seed121.json,Case8_thermal0p01_wirelength50_seed121
Case8,14,121,0.03,2.0,ok,true,48,11,legalized/Case8_candidate14_thermal0p03_wirelength2_seed121_legalized_illegal.json,legalized/Case8_candidate14_thermal0p03_wirelength2_seed121_legalized_illegal_legal.json,legalized/Case8_candidate14_thermal0p03_wirelength2_seed121_legalized_illegal_legal_compare.png,/root/placement/flow_tap/resultEval/FM_result/pareto_weight_sweep_seed121_illegal_pairs_format/Case8_thermal0p03_wirelength2_seed121.json,Case8_thermal0p03_wirelength2_seed121
Case8,15,121,0.03,50.0,ok,true,105,88,legalized/Case8_candidate15_thermal0p03_wirelength50_seed121_legalized_illegal.json,legalized/Case8_candidate15_thermal0p03_wirelength50_seed121_legalized_illegal_legal.json,legalized/Case8_candidate15_thermal0p03_wirelength50_seed121_legalized_illegal_legal_compare.png,/root/placement/flow_tap/resultEval/FM_result/pareto_weight_sweep_seed121_illegal_pairs_format/Case8_thermal0p03_wirelength50_seed121.json,Case8_thermal0p03_wirelength50_seed121
Case8,19,121,0.1,2.0,ok,true,34,8,legalized/Case8_candidate19_thermal0p1_wirelength2_seed121_legalized_illegal.json,legalized/Case8_candidate19_thermal0p1_wirelength2_seed121_legalized_illegal_legal.json,legalized/Case8_candidate19_thermal0p1_wirelength2_seed121_legalized_illegal_legal_compare.png,/root/placement/flow_tap/resultEval/FM_result/pareto_weight_sweep_seed121_illegal_pairs_format/Case8_thermal0p1_wirelength2_seed121.json,Case8_thermal0p1_wirelength2_seed121
Case8,24,121,0.3,2.0,ok,true,40,12,legalized/Case8_candidate24_thermal0p3_wirelength2_seed121_legalized_illegal.json,legalized/Case8_candidate24_thermal0p3_wirelength2_seed121_legalized_illegal_legal.json,legalized/Case8_candidate24_thermal0p3_wirelength2_seed121_legalized_illegal_legal_compare.png,/root/placement/flow_tap/resultEval/FM_result/pareto_weight_sweep_seed121_illegal_pairs_format/Case8_thermal0p3_wirelength2_seed121.json,Case8_thermal0p3_wirelength2_seed121
Case8,25,121,0.3,50.0,ok,true,59,5,legalized/Case8_candidate25_thermal0p3_wirelength50_seed121_legalized_illegal.json,legalized/Case8_candidate25_thermal0p3_wirelength50_seed121_legalized_illegal_legal.json,legalized/Case8_candidate25_thermal0p3_wirelength50_seed121_legalized_illegal_legal_compare.png,/root/placement/flow_tap/resultEval/FM_result/pareto_weight_sweep_seed121_illegal_pairs_format/Case8_thermal0p3_wirelength50_seed121.json,Case8_thermal0p3_wirelength50_seed121
Case8,29,121,1.0,2.0,ok,true,40,9,legalized/Case8_candidate29_thermal1_wirelength2_seed121_legalized_illegal.json,legalized/Case8_candidate29_thermal1_wirelength2_seed121_legalized_illegal_legal.json,legalized/Case8_candidate29_thermal1_wirelength2_seed121_legalized_illegal_legal_compare.png,/root/placement/flow_tap/resultEval/FM_result/pareto_weight_sweep_seed121_illegal_pairs_format/Case8_thermal1_wirelength2_seed121.json,Case8_thermal1_wirelength2_seed121
Case8,30,121,1.0,50.0,ok,true,155,63,legalized/Case8_candidate30_thermal1_wirelength50_seed121_legalized_illegal.json,legalized/Case8_candidate30_thermal1_wirelength50_seed121_legalized_illegal_legal.json,legalized/Case8_candidate30_thermal1_wirelength50_seed121_legalized_illegal_legal_compare.png,/root/placement/flow_tap/resultEval/FM_result/pareto_weight_sweep_seed121_illegal_pairs_format/Case8_thermal1_wirelength50_seed121.json,Case8_thermal1_wirelength50_seed121
Case8,34,121,3.0,2.0,ok,true,39,11,legalized/Case8_candidate34_thermal3_wirelength2_seed121_legalized_illegal.json,legalized/Case8_candidate34_thermal3_wirelength2_seed121_legalized_illegal_legal.json,legalized/Case8_candidate34_thermal3_wirelength2_seed121_legalized_illegal_legal_compare.png,/root/placement/flow_tap/resultEval/FM_result/pareto_weight_sweep_seed121_illegal_pairs_format/Case8_thermal3_wirelength2_seed121.json,Case8_thermal3_wirelength2_seed121
Case8,35,121,3.0,50.0,ok,true,127,76,legalized/Case8_candidate35_thermal3_wirelength50_seed121_legalized_illegal.json,legalized/Case8_candidate35_thermal3_wirelength50_seed121_legalized_illegal_legal.json,legalized/Case8_candidate35_thermal3_wirelength50_seed121_legalized_illegal_legal_compare.png,/root/placement/flow_tap/resultEval/FM_result/pareto_weight_sweep_seed121_illegal_pairs_format/Case8_thermal3_wirelength50_seed121.json,Case8_thermal3_wirelength50_seed121
Case8,39,121,10.0,2.0,ok,true,51,14,legalized/Case8_candidate39_thermal10_wirelength2_seed121_legalized_illegal.json,legalized/Case8_candidate39_thermal10_wirelength2_seed121_legalized_illegal_legal.json,legalized/Case8_candidate39_thermal10_wirelength2_seed121_legalized_illegal_legal_compare.png,/root/placement/flow_tap/resultEval/FM_result/pareto_weight_sweep_seed121_illegal_pairs_format/Case8_thermal10_wirelength2_seed121.json,Case8_thermal10_wirelength2_seed121
Case8,40,121,10.0,50.0,ok,true,82,18,legalized/Case8_candidate40_thermal10_wirelength50_seed121_legalized_illegal.json,legalized/Case8_candidate40_thermal10_wirelength50_seed121_legalized_illegal_legal.json,legalized/Case8_candidate40_thermal10_wirelength50_seed121_legalized_illegal_legal_compare.png,/root/placement/flow_tap/resultEval/FM_result/pareto_weight_sweep_seed121_illegal_pairs_format/Case8_thermal10_wirelength50_seed121.json,Case8_thermal10_wirelength50_seed121
Case8,49,121,100.0,2.0,ok,true,56,16,legalized/Case8_candidate49_thermal100_wirelength2_seed121_legalized_illegal.json,legalized/Case8_candidate49_thermal100_wirelength2_seed121_legalized_illegal_legal.json,legalized/Case8_candidate49_thermal100_wirelength2_seed121_legalized_illegal_legal_compare.png,/root/placement/flow_tap/resultEval/FM_result/pareto_weight_sweep_seed121_illegal_pairs_format/Case8_thermal100_wirelength2_seed121.json,Case8_thermal100_wirelength2_seed121
Case8,50,121,100.0,50.0,ok,true,137,116,legalized/Case8_candidate50_thermal100_wirelength50_seed121_legalized_illegal.json,legalized/Case8_candidate50_thermal100_wirelength50_seed121_legalized_illegal_legal.json,legalized/Case8_candidate50_thermal100_wirelength50_seed121_legalized_illegal_legal_compare.png,/root/placement/flow_tap/resultEval/FM_result/pareto_weight_sweep_seed121_illegal_pairs_format/Case8_thermal100_wirelength50_seed121.json,Case8_thermal100_wirelength50_seed121
Case9,10,121,0.01,50.0,ok,true,71,19,legalized/Case9_candidate10_thermal0p01_wirelength50_seed121_legalized_illegal.json,legalized/Case9_candidate10_thermal0p01_wirelength50_seed121_legalized_illegal_legal.json,legalized/Case9_candidate10_thermal0p01_wirelength50_seed121_legalized_illegal_legal_compare.png,/root/placement/flow_tap/resultEval/FM_result/pareto_weight_sweep_seed121_illegal_pairs_format/Case9_thermal0p01_wirelength50_seed121.json,Case9_thermal0p01_wirelength50_seed121
Case9,14,121,0.03,2.0,ok,true,40,10,legalized/Case9_candidate14_thermal0p03_wirelength2_seed121_legalized_illegal.json,legalized/Case9_candidate14_thermal0p03_wirelength2_seed121_legalized_illegal_legal.json,legalized/Case9_candidate14_thermal0p03_wirelength2_seed121_legalized_illegal_legal_compare.png,/root/placement/flow_tap/resultEval/FM_result/pareto_weight_sweep_seed121_illegal_pairs_format/Case9_thermal0p03_wirelength2_seed121.json,Case9_thermal0p03_wirelength2_seed121
Case9,25,121,0.3,50.0,ok,true,114,4,legalized/Case9_candidate25_thermal0p3_wirelength50_seed121_legalized_illegal.json,legalized/Case9_candidate25_thermal0p3_wirelength50_seed121_legalized_illegal_legal.json,legalized/Case9_candidate25_thermal0p3_wirelength50_seed121_legalized_illegal_legal_compare.png,/root/placement/flow_tap/resultEval/FM_result/pareto_weight_sweep_seed121_illegal_pairs_format/Case9_thermal0p3_wirelength50_seed121.json,Case9_thermal0p3_wirelength50_seed121
Case9,35,121,3.0,50.0,ok,true,98,20,legalized/Case9_candidate35_thermal3_wirelength50_seed121_legalized_illegal.json,legalized/Case9_candidate35_thermal3_wirelength50_seed121_legalized_illegal_legal.json,legalized/Case9_candidate35_thermal3_wirelength50_seed121_legalized_illegal_legal_compare.png,/root/placement/flow_tap/resultEval/FM_result/pareto_weight_sweep_seed121_illegal_pairs_format/Case9_thermal3_wirelength50_seed121.json,Case9_thermal3_wirelength50_seed121
Case9,45,121,30.0,50.0,ok,true,127,81,legalized/Case9_candidate45_thermal30_wirelength50_seed121_legalized_illegal.json,legalized/Case9_candidate45_thermal30_wirelength50_seed121_legalized_illegal_legal.json,legalized/Case9_candidate45_thermal30_wirelength50_seed121_legalized_illegal_legal_compare.png,/root/placement/flow_tap/resultEval/FM_result/pareto_weight_sweep_seed121_illegal_pairs_format/Case9_thermal30_wirelength50_seed121.json,Case9_thermal30_wirelength50_seed121
acend910,18,121,0.1,0.2,ok,true,4,3,legalized/acend910_candidate18_thermal0p1_wirelength0p2_seed121_legalized_illegal.json,legalized/acend910_candidate18_thermal0p1_wirelength0p2_seed121_legalized_illegal_legal.json,legalized/acend910_candidate18_thermal0p1_wirelength0p2_seed121_legalized_illegal_legal_compare.png,/root/placement/flow_tap/resultEval/FM_result/pareto_weight_sweep_seed121_illegal_pairs_format/acend910_thermal0p1_wirelength0p2_seed121.json,acend910_thermal0p1_wirelength0p2_seed121
acend910,23,121,0.3,0.2,ok,true,5,2,legalized/acend910_candidate23_thermal0p3_wirelength0p2_seed121_legalized_illegal.json,legalized/acend910_candidate23_thermal0p3_wirelength0p2_seed121_legalized_illegal_legal.json,legalized/acend910_candidate23_thermal0p3_wirelength0p2_seed121_legalized_illegal_legal_compare.png,/root/placement/flow_tap/resultEval/FM_result/pareto_weight_sweep_seed121_illegal_pairs_format/acend910_thermal0p3_wirelength0p2_seed121.json,acend910_thermal0p3_wirelength0p2_seed121
acend910,24,121,0.3,2.0,ok,true,7,1,legalized/acend910_candidate24_thermal0p3_wirelength2_seed121_legalized_illegal.json,legalized/acend910_candidate24_thermal0p3_wirelength2_seed121_legalized_illegal_legal.json,legalized/acend910_candidate24_thermal0p3_wirelength2_seed121_legalized_illegal_legal_compare.png,/root/placement/flow_tap/resultEval/FM_result/pareto_weight_sweep_seed121_illegal_pairs_format/acend910_thermal0p3_wirelength2_seed121.json,acend910_thermal0p3_wirelength2_seed121
acend910,28,121,1.0,0.2,ok,true,5,3,legalized/acend910_candidate28_thermal1_wirelength0p2_seed121_legalized_illegal.json,legalized/acend910_candidate28_thermal1_wirelength0p2_seed121_legalized_illegal_legal.json,legalized/acend910_candidate28_thermal1_wirelength0p2_seed121_legalized_illegal_legal_compare.png,/root/placement/flow_tap/resultEval/FM_result/pareto_weight_sweep_seed121_illegal_pairs_format/acend910_thermal1_wirelength0p2_seed121.json,acend910_thermal1_wirelength0p2_seed121
acend910,33,121,3.0,0.2,ok,true,4,1,legalized/acend910_candidate33_thermal3_wirelength0p2_seed121_legalized_illegal.json,legalized/acend910_candidate33_thermal3_wirelength0p2_seed121_legalized_illegal_legal.json,legalized/acend910_candidate33_thermal3_wirelength0p2_seed121_legalized_illegal_legal_compare.png,/root/placement/flow_tap/resultEval/FM_result/pareto_weight_sweep_seed121_illegal_pairs_format/acend910_thermal3_wirelength0p2_seed121.json,acend910_thermal3_wirelength0p2_seed121
acend910,38,121,10.0,0.2,ok,true,4,1,legalized/acend910_candidate38_thermal10_wirelength0p2_seed121_legalized_illegal.json,legalized/acend910_candidate38_thermal10_wirelength0p2_seed121_legalized_illegal_legal.json,legalized/acend910_candidate38_thermal10_wirelength0p2_seed121_legalized_illegal_legal_compare.png,/root/placement/flow_tap/resultEval/FM_result/pareto_weight_sweep_seed121_illegal_pairs_format/acend910_thermal10_wirelength0p2_seed121.json,acend910_thermal10_wirelength0p2_seed121
acend910,45,121,30.0,50.0,ok,true,7,4,legalized/acend910_candidate45_thermal30_wirelength50_seed121_legalized_illegal.json,legalized/acend910_candidate45_thermal30_wirelength50_seed121_legalized_illegal_legal.json,legalized/acend910_candidate45_thermal30_wirelength50_seed121_legalized_illegal_legal_compare.png,/root/placement/flow_tap/resultEval/FM_result/pareto_weight_sweep_seed121_illegal_pairs_format/acend910_thermal30_wirelength50_seed121.json,acend910_thermal30_wirelength50_seed121
acend910,48,121,100.0,0.2,ok,true,6,2,legalized/acend910_candidate48_thermal100_wirelength0p2_seed121_legalized_illegal.json,legalized/acend910_candidate48_thermal100_wirelength0p2_seed121_legalized_illegal_legal.json,legalized/acend910_candidate48_thermal100_wirelength0p2_seed121_legalized_illegal_legal_compare.png,/root/placement/flow_tap/resultEval/FM_result/pareto_weight_sweep_seed121_illegal_pairs_format/acend910_thermal100_wirelength0p2_seed121.json,acend910_thermal100_wirelength0p2_seed121
cpu-dram,5,121,0.0,50.0,ok,true,26,14,legalized/cpu-dram_candidate05_thermal0_wirelength50_seed121_legalized_illegal.json,legalized/cpu-dram_candidate05_thermal0_wirelength50_seed121_legalized_illegal_legal.json,legalized/cpu-dram_candidate05_thermal0_wirelength50_seed121_legalized_illegal_legal_compare.png,/root/placement/flow_tap/resultEval/FM_result/pareto_weight_sweep_seed121_illegal_pairs_format/cpu-dram_thermal0_wirelength50_seed121.json,cpu-dram_thermal0_wirelength50_seed121
cpu-dram,10,121,0.01,50.0,ok,true,17,17,legalized/cpu-dram_candidate10_thermal0p01_wirelength50_seed121_legalized_illegal.json,legalized/cpu-dram_candidate10_thermal0p01_wirelength50_seed121_legalized_illegal_legal.json,legalized/cpu-dram_candidate10_thermal0p01_wirelength50_seed121_legalized_illegal_legal_compare.png,/root/placement/flow_tap/resultEval/FM_result/pareto_weight_sweep_seed121_illegal_pairs_format/cpu-dram_thermal0p01_wirelength50_seed121.json,cpu-dram_thermal0p01_wirelength50_seed121
hp11_m,6,121,0.01,0.0,ok,true,10,1,legalized/hp11_m_candidate06_thermal0p01_wirelength0_seed121_legalized_illegal.json,legalized/hp11_m_candidate06_thermal0p01_wirelength0_seed121_legalized_illegal_legal.json,legalized/hp11_m_candidate06_thermal0p01_wirelength0_seed121_legalized_illegal_legal_compare.png,/root/placement/flow_tap/resultEval/FM_result/pareto_weight_sweep_seed121_illegal_pairs_format/hp11_m_thermal0p01_wirelength0_seed121.json,hp11_m_thermal0p01_wirelength0_seed121
hp11_m,9,121,0.01,2.0,ok,true,11,5,legalized/hp11_m_candidate09_thermal0p01_wirelength2_seed121_legalized_illegal.json,legalized/hp11_m_candidate09_thermal0p01_wirelength2_seed121_legalized_illegal_legal.json,legalized/hp11_m_candidate09_thermal0p01_wirelength2_seed121_legalized_illegal_legal_compare.png,/root/placement/flow_tap/resultEval/FM_result/pareto_weight_sweep_seed121_illegal_pairs_format/hp11_m_thermal0p01_wirelength2_seed121.json,hp11_m_thermal0p01_wirelength2_seed121
hp11_m,17,121,0.1,0.02,ok,true,10,1,legalized/hp11_m_candidate17_thermal0p1_wirelength0p02_seed121_legalized_illegal.json,legalized/hp11_m_candidate17_thermal0p1_wirelength0p02_seed121_legalized_illegal_legal.json,legalized/hp11_m_candidate17_thermal0p1_wirelength0p02_seed121_legalized_illegal_legal_compare.png,/root/placement/flow_tap/resultEval/FM_result/pareto_weight_sweep_seed121_illegal_pairs_format/hp11_m_thermal0p1_wirelength0p02_seed121.json,hp11_m_thermal0p1_wirelength0p02_seed121
hp11_m,21,121,0.3,0.0,ok,true,9,9,legalized/hp11_m_candidate21_thermal0p3_wirelength0_seed121_legalized_illegal.json,legalized/hp11_m_candidate21_thermal0p3_wirelength0_seed121_legalized_illegal_legal.json,legalized/hp11_m_candidate21_thermal0p3_wirelength0_seed121_legalized_illegal_legal_compare.png,/root/placement/flow_tap/resultEval/FM_result/pareto_weight_sweep_seed121_illegal_pairs_format/hp11_m_thermal0p3_wirelength0_seed121.json,hp11_m_thermal0p3_wirelength0_seed121
hp11_m,26,121,1.0,0.0,ok,true,9,5,legalized/hp11_m_candidate26_thermal1_wirelength0_seed121_legalized_illegal.json,legalized/hp11_m_candidate26_thermal1_wirelength0_seed121_legalized_illegal_legal.json,legalized/hp11_m_candidate26_thermal1_wirelength0_seed121_legalized_illegal_legal_compare.png,/root/placement/flow_tap/resultEval/FM_result/pareto_weight_sweep_seed121_illegal_pairs_format/hp11_m_thermal1_wirelength0_seed121.json,hp11_m_thermal1_wirelength0_seed121
hp11_m,31,121,3.0,0.0,ok,true,10,4,legalized/hp11_m_candidate31_thermal3_wirelength0_seed121_legalized_illegal.json,legalized/hp11_m_candidate31_thermal3_wirelength0_seed121_legalized_illegal_legal.json,legalized/hp11_m_candidate31_thermal3_wirelength0_seed121_legalized_illegal_legal_compare.png,/root/placement/flow_tap/resultEval/FM_result/pareto_weight_sweep_seed121_illegal_pairs_format/hp11_m_thermal3_wirelength0_seed121.json,hp11_m_thermal3_wirelength0_seed121
hp11_m,39,121,10.0,2.0,ok,true,12,9,legalized/hp11_m_candidate39_thermal10_wirelength2_seed121_legalized_illegal.json,legalized/hp11_m_candidate39_thermal10_wirelength2_seed121_legalized_illegal_legal.json,legalized/hp11_m_candidate39_thermal10_wirelength2_seed121_legalized_illegal_legal_compare.png,/root/placement/flow_tap/resultEval/FM_result/pareto_weight_sweep_seed121_illegal_pairs_format/hp11_m_thermal10_wirelength2_seed121.json,hp11_m_thermal10_wirelength2_seed121
hp11_m,49,121,100.0,2.0,ok,true,12,6,legalized/hp11_m_candidate49_thermal100_wirelength2_seed121_legalized_illegal.json,legalized/hp11_m_candidate49_thermal100_wirelength2_seed121_legalized_illegal_legal.json,legalized/hp11_m_candidate49_thermal100_wirelength2_seed121_legalized_illegal_legal_compare.png,/root/placement/flow_tap/resultEval/FM_result/pareto_weight_sweep_seed121_illegal_pairs_format/hp11_m_thermal100_wirelength2_seed121.json,hp11_m_thermal100_wirelength2_seed121
hp11_m,50,121,100.0,50.0,ok,true,21,16,legalized/hp11_m_candidate50_thermal100_wirelength50_seed121_legalized_illegal.json,legalized/hp11_m_candidate50_thermal100_wirelength50_seed121_legalized_illegal_legal.json,legalized/hp11_m_candidate50_thermal100_wirelength50_seed121_legalized_illegal_legal_compare.png,/root/placement/flow_tap/resultEval/FM_result/pareto_weight_sweep_seed121_illegal_pairs_format/hp11_m_thermal100_wirelength50_seed121.json,hp11_m_thermal100_wirelength50_seed121
multigpu,10,121,0.01,50.0,ok,true,6,1,legalized/multigpu_candidate10_thermal0p01_wirelength50_seed121_legalized_illegal.json,legalized/multigpu_candidate10_thermal0p01_wirelength50_seed121_legalized_illegal_legal.json,legalized/multigpu_candidate10_thermal0p01_wirelength50_seed121_legalized_illegal_legal_compare.png,/root/placement/flow_tap/resultEval/FM_result/pareto_weight_sweep_seed121_illegal_pairs_format/multigpu_thermal0p01_wirelength50_seed121.json,multigpu_thermal0p01_wirelength50_seed121
multigpu,20,121,0.1,50.0,ok,true,10,4,legalized/multigpu_candidate20_thermal0p1_wirelength50_seed121_legalized_illegal.json,legalized/multigpu_candidate20_thermal0p1_wirelength50_seed121_legalized_illegal_legal.json,legalized/multigpu_candidate20_thermal0p1_wirelength50_seed121_legalized_illegal_legal_compare.png,/root/placement/flow_tap/resultEval/FM_result/pareto_weight_sweep_seed121_illegal_pairs_format/multigpu_thermal0p1_wirelength50_seed121.json,multigpu_thermal0p1_wirelength50_seed121
syn1,24,121,0.3,2.0,ok,true,13,10,legalized/syn1_candidate24_thermal0p3_wirelength2_seed121_legalized_illegal.json,legalized/syn1_candidate24_thermal0p3_wirelength2_seed121_legalized_illegal_legal.json,legalized/syn1_candidate24_thermal0p3_wirelength2_seed121_legalized_illegal_legal_compare.png,/root/placement/flow_tap/resultEval/FM_result/pareto_weight_sweep_seed121_illegal_pairs_format/syn1_thermal0p3_wirelength2_seed121.json,syn1_thermal0p3_wirelength2_seed121
syn1,35,121,3.0,50.0,ok,true,21,6,legalized/syn1_candidate35_thermal3_wirelength50_seed121_legalized_illegal.json,legalized/syn1_candidate35_thermal3_wirelength50_seed121_legalized_illegal_legal.json,legalized/syn1_candidate35_thermal3_wirelength50_seed121_legalized_illegal_legal_compare.png,/root/placement/flow_tap/resultEval/FM_result/pareto_weight_sweep_seed121_illegal_pairs_format/syn1_thermal3_wirelength50_seed121.json,syn1_thermal3_wirelength50_seed121
syn1,45,121,30.0,50.0,ok,true,23,10,legalized/syn1_candidate45_thermal30_wirelength50_seed121_legalized_illegal.json,legalized/syn1_candidate45_thermal30_wirelength50_seed121_legalized_illegal_legal.json,legalized/syn1_candidate45_thermal30_wirelength50_seed121_legalized_illegal_legal_compare.png,/root/placement/flow_tap/resultEval/FM_result/pareto_weight_sweep_seed121_illegal_pairs_format/syn1_thermal30_wirelength50_seed121.json,syn1_thermal30_wirelength50_seed121
syn4,4,121,0.0,2.0,ok,true,19,13,legalized/syn4_candidate04_thermal0_wirelength2_seed121_legalized_illegal.json,legalized/syn4_candidate04_thermal0_wirelength2_seed121_legalized_illegal_legal.json,legalized/syn4_candidate04_thermal0_wirelength2_seed121_legalized_illegal_legal_compare.png,/root/placement/flow_tap/resultEval/FM_result/pareto_weight_sweep_seed121_illegal_pairs_format/syn4_thermal0_wirelength2_seed121.json,syn4_thermal0_wirelength2_seed121
syn4,5,121,0.0,50.0,ok,true,28,19,legalized/syn4_candidate05_thermal0_wirelength50_seed121_legalized_illegal.json,legalized/syn4_candidate05_thermal0_wirelength50_seed121_legalized_illegal_legal.json,legalized/syn4_candidate05_thermal0_wirelength50_seed121_legalized_illegal_legal_compare.png,/root/placement/flow_tap/resultEval/FM_result/pareto_weight_sweep_seed121_illegal_pairs_format/syn4_thermal0_wirelength50_seed121.json,syn4_thermal0_wirelength50_seed121
syn4,9,121,0.01,2.0,ok,true,19,6,legalized/syn4_candidate09_thermal0p01_wirelength2_seed121_legalized_illegal.json,legalized/syn4_candidate09_thermal0p01_wirelength2_seed121_legalized_illegal_legal.json,legalized/syn4_candidate09_thermal0p01_wirelength2_seed121_legalized_illegal_legal_compare.png,/root/placement/flow_tap/resultEval/FM_result/pareto_weight_sweep_seed121_illegal_pairs_format/syn4_thermal0p01_wirelength2_seed121.json,syn4_thermal0p01_wirelength2_seed121
syn4,14,121,0.03,2.0,ok,true,21,14,legalized/syn4_candidate14_thermal0p03_wirelength2_seed121_legalized_illegal.json,legalized/syn4_candidate14_thermal0p03_wirelength2_seed121_legalized_illegal_legal.json,legalized/syn4_candidate14_thermal0p03_wirelength2_seed121_legalized_illegal_legal_compare.png,/root/placement/flow_tap/resultEval/FM_result/pareto_weight_sweep_seed121_illegal_pairs_format/syn4_thermal0p03_wirelength2_seed121.json,syn4_thermal0p03_wirelength2_seed121
syn4,15,121,0.03,50.0,ok,true,17,12,legalized/syn4_candidate15_thermal0p03_wirelength50_seed121_legalized_illegal.json,legalized/syn4_candidate15_thermal0p03_wirelength50_seed121_legalized_illegal_legal.json,legalized/syn4_candidate15_thermal0p03_wirelength50_seed121_legalized_illegal_legal_compare.png,/root/placement/flow_tap/resultEval/FM_result/pareto_weight_sweep_seed121_illegal_pairs_format/syn4_thermal0p03_wirelength50_seed121.json,syn4_thermal0p03_wirelength50_seed121
syn4,19,121,0.1,2.0,ok,true,19,16,legalized/syn4_candidate19_thermal0p1_wirelength2_seed121_legalized_illegal.json,legalized/syn4_candidate19_thermal0p1_wirelength2_seed121_legalized_illegal_legal.json,legalized/syn4_candidate19_thermal0p1_wirelength2_seed121_legalized_illegal_legal_compare.png,/root/placement/flow_tap/resultEval/FM_result/pareto_weight_sweep_seed121_illegal_pairs_format/syn4_thermal0p1_wirelength2_seed121.json,syn4_thermal0p1_wirelength2_seed121
syn4,20,121,0.1,50.0,ok,true,22,3,legalized/syn4_candidate20_thermal0p1_wirelength50_seed121_legalized_illegal.json,legalized/syn4_candidate20_thermal0p1_wirelength50_seed121_legalized_illegal_legal.json,legalized/syn4_candidate20_thermal0p1_wirelength50_seed121_legalized_illegal_legal_compare.png,/root/placement/flow_tap/resultEval/FM_result/pareto_weight_sweep_seed121_illegal_pairs_format/syn4_thermal0p1_wirelength50_seed121.json,syn4_thermal0p1_wirelength50_seed121
syn4,24,121,0.3,2.0,ok,true,16,13,legalized/syn4_candidate24_thermal0p3_wirelength2_seed121_legalized_illegal.json,legalized/syn4_candidate24_thermal0p3_wirelength2_seed121_legalized_illegal_legal.json,legalized/syn4_candidate24_thermal0p3_wirelength2_seed121_legalized_illegal_legal_compare.png,/root/placement/flow_tap/resultEval/FM_result/pareto_weight_sweep_seed121_illegal_pairs_format/syn4_thermal0p3_wirelength2_seed121.json,syn4_thermal0p3_wirelength2_seed121
syn4,25,121,0.3,50.0,ok,true,21,2,legalized/syn4_candidate25_thermal0p3_wirelength50_seed121_legalized_illegal.json,legalized/syn4_candidate25_thermal0p3_wirelength50_seed121_legalized_illegal_legal.json,legalized/syn4_candidate25_thermal0p3_wirelength50_seed121_legalized_illegal_legal_compare.png,/root/placement/flow_tap/resultEval/FM_result/pareto_weight_sweep_seed121_illegal_pairs_format/syn4_thermal0p3_wirelength50_seed121.json,syn4_thermal0p3_wirelength50_seed121
syn4,29,121,1.0,2.0,ok,true,22,12,legalized/syn4_candidate29_thermal1_wirelength2_seed121_legalized_illegal.json,legalized/syn4_candidate29_thermal1_wirelength2_seed121_legalized_illegal_legal.json,legalized/syn4_candidate29_thermal1_wirelength2_seed121_legalized_illegal_legal_compare.png,/root/placement/flow_tap/resultEval/FM_result/pareto_weight_sweep_seed121_illegal_pairs_format/syn4_thermal1_wirelength2_seed121.json,syn4_thermal1_wirelength2_seed121
syn4,34,121,3.0,2.0,ok,true,18,10,legalized/syn4_candidate34_thermal3_wirelength2_seed121_legalized_illegal.json,legalized/syn4_candidate34_thermal3_wirelength2_seed121_legalized_illegal_legal.json,legalized/syn4_candidate34_thermal3_wirelength2_seed121_legalized_illegal_legal_compare.png,/root/placement/flow_tap/resultEval/FM_result/pareto_weight_sweep_seed121_illegal_pairs_format/syn4_thermal3_wirelength2_seed121.json,syn4_thermal3_wirelength2_seed121
syn4,35,121,3.0,50.0,ok,true,26,10,legalized/syn4_candidate35_thermal3_wirelength50_seed121_legalized_illegal.json,legalized/syn4_candidate35_thermal3_wirelength50_seed121_legalized_illegal_legal.json,legalized/syn4_candidate35_thermal3_wirelength50_seed121_legalized_illegal_legal_compare.png,/root/placement/flow_tap/resultEval/FM_result/pareto_weight_sweep_seed121_illegal_pairs_format/syn4_thermal3_wirelength50_seed121.json,syn4_thermal3_wirelength50_seed121
syn4,39,121,10.0,2.0,ok,true,23,4,legalized/syn4_candidate39_thermal10_wirelength2_seed121_legalized_illegal.json,legalized/syn4_candidate39_thermal10_wirelength2_seed121_legalized_illegal_legal.json,legalized/syn4_candidate39_thermal10_wirelength2_seed121_legalized_illegal_legal_compare.png,/root/placement/flow_tap/resultEval/FM_result/pareto_weight_sweep_seed121_illegal_pairs_format/syn4_thermal10_wirelength2_seed121.json,syn4_thermal10_wirelength2_seed121
syn4,44,121,30.0,2.0,ok,true,20,11,legalized/syn4_candidate44_thermal30_wirelength2_seed121_legalized_illegal.json,legalized/syn4_candidate44_thermal30_wirelength2_seed121_legalized_illegal_legal.json,legalized/syn4_candidate44_thermal30_wirelength2_seed121_legalized_illegal_legal_compare.png,/root/placement/flow_tap/resultEval/FM_result/pareto_weight_sweep_seed121_illegal_pairs_format/syn4_thermal30_wirelength2_seed121.json,syn4_thermal30_wirelength2_seed121
syn4,49,121,100.0,2.0,ok,true,22,17,legalized/syn4_candidate49_thermal100_wirelength2_seed121_legalized_illegal.json,legalized/syn4_candidate49_thermal100_wirelength2_seed121_legalized_illegal_legal.json,legalized/syn4_candidate49_thermal100_wirelength2_seed121_legalized_illegal_legal_compare.png,/root/placement/flow_tap/resultEval/FM_result/pareto_weight_sweep_seed121_illegal_pairs_format/syn4_thermal100_wirelength2_seed121.json,syn4_thermal100_wirelength2_seed121
xerox8_m,4,121,0.0,2.0,ok,true,9,8,legalized/xerox8_m_candidate04_thermal0_wirelength2_seed121_legalized_illegal.json,legalized/xerox8_m_candidate04_thermal0_wirelength2_seed121_legalized_illegal_legal.json,legalized/xerox8_m_candidate04_thermal0_wirelength2_seed121_legalized_illegal_legal_compare.png,/root/placement/flow_tap/resultEval/FM_result/pareto_weight_sweep_seed121_illegal_pairs_format/xerox8_m_thermal0_wirelength2_seed121.json,xerox8_m_thermal0_wirelength2_seed121
xerox8_m,5,121,0.0,50.0,ok,true,18,13,legalized/xerox8_m_candidate05_thermal0_wirelength50_seed121_legalized_illegal.json,legalized/xerox8_m_candidate05_thermal0_wirelength50_seed121_legalized_illegal_legal.json,legalized/xerox8_m_candidate05_thermal0_wirelength50_seed121_legalized_illegal_legal_compare.png,/root/placement/flow_tap/resultEval/FM_result/pareto_weight_sweep_seed121_illegal_pairs_format/xerox8_m_thermal0_wirelength50_seed121.json,xerox8_m_thermal0_wirelength50_seed121
xerox8_m,9,121,0.01,2.0,ok,true,10,3,legalized/xerox8_m_candidate09_thermal0p01_wirelength2_seed121_legalized_illegal.json,legalized/xerox8_m_candidate09_thermal0p01_wirelength2_seed121_legalized_illegal_legal.json,legalized/xerox8_m_candidate09_thermal0p01_wirelength2_seed121_legalized_illegal_legal_compare.png,/root/placement/flow_tap/resultEval/FM_result/pareto_weight_sweep_seed121_illegal_pairs_format/xerox8_m_thermal0p01_wirelength2_seed121.json,xerox8_m_thermal0p01_wirelength2_seed121
xerox8_m,14,121,0.03,2.0,ok,true,15,15,legalized/xerox8_m_candidate14_thermal0p03_wirelength2_seed121_legalized_illegal.json,legalized/xerox8_m_candidate14_thermal0p03_wirelength2_seed121_legalized_illegal_legal.json,legalized/xerox8_m_candidate14_thermal0p03_wirelength2_seed121_legalized_illegal_legal_compare.png,/root/placement/flow_tap/resultEval/FM_result/pareto_weight_sweep_seed121_illegal_pairs_format/xerox8_m_thermal0p03_wirelength2_seed121.json,xerox8_m_thermal0p03_wirelength2_seed121
xerox8_m,15,121,0.03,50.0,ok,true,11,2,legalized/xerox8_m_candidate15_thermal0p03_wirelength50_seed121_legalized_illegal.json,legalized/xerox8_m_candidate15_thermal0p03_wirelength50_seed121_legalized_illegal_legal.json,legalized/xerox8_m_candidate15_thermal0p03_wirelength50_seed121_legalized_illegal_legal_compare.png,/root/placement/flow_tap/resultEval/FM_result/pareto_weight_sweep_seed121_illegal_pairs_format/xerox8_m_thermal0p03_wirelength50_seed121.json,xerox8_m_thermal0p03_wirelength50_seed121
xerox8_m,19,121,0.1,2.0,ok,true,8,1,legalized/xerox8_m_candidate19_thermal0p1_wirelength2_seed121_legalized_illegal.json,legalized/xerox8_m_candidate19_thermal0p1_wirelength2_seed121_legalized_illegal_legal.json,legalized/xerox8_m_candidate19_thermal0p1_wirelength2_seed121_legalized_illegal_legal_compare.png,/root/placement/flow_tap/resultEval/FM_result/pareto_weight_sweep_seed121_illegal_pairs_format/xerox8_m_thermal0p1_wirelength2_seed121.json,xerox8_m_thermal0p1_wirelength2_seed121
xerox8_m,24,121,0.3,2.0,ok,true,10,2,legalized/xerox8_m_candidate24_thermal0p3_wirelength2_seed121_legalized_illegal.json,legalized/xerox8_m_candidate24_thermal0p3_wirelength2_seed121_legalized_illegal_legal.json,legalized/xerox8_m_candidate24_thermal0p3_wirelength2_seed121_legalized_illegal_legal_compare.png,/root/placement/flow_tap/resultEval/FM_result/pareto_weight_sweep_seed121_illegal_pairs_format/xerox8_m_thermal0p3_wirelength2_seed121.json,xerox8_m_thermal0p3_wirelength2_seed121
xerox8_m,30,121,1.0,50.0,ok,true,15,5,legalized/xerox8_m_candidate30_thermal1_wirelength50_seed121_legalized_illegal.json,legalized/xerox8_m_candidate30_thermal1_wirelength50_seed121_legalized_illegal_legal.json,legalized/xerox8_m_candidate30_thermal1_wirelength50_seed121_legalized_illegal_legal_compare.png,/root/placement/flow_tap/resultEval/FM_result/pareto_weight_sweep_seed121_illegal_pairs_format/xerox8_m_thermal1_wirelength50_seed121.json,xerox8_m_thermal1_wirelength50_seed121
xerox8_m,29,121,1.0,2.0,ok,true,12,7,legalized/xerox8_m_candidate29_thermal1_wirelength2_seed121_legalized_illegal.json,legalized/xerox8_m_candidate29_thermal1_wirelength2_seed121_legalized_illegal_legal.json,legalized/xerox8_m_candidate29_thermal1_wirelength2_seed121_legalized_illegal_legal_compare.png,/root/placement/flow_tap/resultEval/FM_result/pareto_weight_sweep_seed121_illegal_pairs_format/xerox8_m_thermal1_wirelength2_seed121.json,xerox8_m_thermal1_wirelength2_seed121
xerox8_m,34,121,3.0,2.0,ok,true,12,7,legalized/xerox8_m_candidate34_thermal3_wirelength2_seed121_legalized_illegal.json,legalized/xerox8_m_candidate34_thermal3_wirelength2_seed121_legalized_illegal_legal.json,legalized/xerox8_m_candidate34_thermal3_wirelength2_seed121_legalized_illegal_legal_compare.png,/root/placement/flow_tap/resultEval/FM_result/pareto_weight_sweep_seed121_illegal_pairs_format/xerox8_m_thermal3_wirelength2_seed121.json,xerox8_m_thermal3_wirelength2_seed121
xerox8_m,39,121,10.0,2.0,ok,true,7,1,legalized/xerox8_m_candidate39_thermal10_wirelength2_seed121_legalized_illegal.json,legalized/xerox8_m_candidate39_thermal10_wirelength2_seed121_legalized_illegal_legal.json,legalized/xerox8_m_candidate39_thermal10_wirelength2_seed121_legalized_illegal_legal_compare.png,/root/placement/flow_tap/resultEval/FM_result/pareto_weight_sweep_seed121_illegal_pairs_format/xerox8_m_thermal10_wirelength2_seed121.json,xerox8_m_thermal10_wirelength2_seed121
xerox8_m,44,121,30.0,2.0,ok,true,11,6,legalized/xerox8_m_candidate44_thermal30_wirelength2_seed121_legalized_illegal.json,legalized/xerox8_m_candidate44_thermal30_wirelength2_seed121_legalized_illegal_legal.json,legalized/xerox8_m_candidate44_thermal30_wirelength2_seed121_legalized_illegal_legal_compare.png,/root/placement/flow_tap/resultEval/FM_result/pareto_weight_sweep_seed121_illegal_pairs_format/xerox8_m_thermal30_wirelength2_seed121.json,xerox8_m_thermal30_wirelength2_seed121
xerox8_m,49,121,100.0,2.0,ok,true,11,10,legalized/xerox8_m_candidate49_thermal100_wirelength2_seed121_legalized_illegal.json,legalized/xerox8_m_candidate49_thermal100_wirelength2_seed121_legalized_illegal_legal.json,legalized/xerox8_m_candidate49_thermal100_wirelength2_seed121_legalized_illegal_legal_compare.png,/root/placement/flow_tap/resultEval/FM_result/pareto_weight_sweep_seed121_illegal_pairs_format/xerox8_m_thermal100_wirelength2_seed121.json,xerox8_m_thermal100_wirelength2_seed121
