method,label,seed,total_wirelength_mm,bbox_area_mm2,max_temp_C,src
ATPlace2.5D,multigpu_wl00,1,105715.400424,2227.131679,90.240000,AT/50set.csv
ATPlace2.5D,multigpu_wl01,1,105787.182688,2227.131679,90.240000,AT/50set.csv
ATPlace2.5D,multigpu_wl02,1,108005.295788,2227.131679,90.190000,AT/50set.csv
ATPlace2.5D,multigpu_wl03,1,105884.750988,2227.131679,90.240000,AT/50set.csv
ATPlace2.5D,multigpu_wl04,1,101850.810820,2227.131679,90.590000,AT/50set.csv
ATPlace2.5D,multigpu_wl05,1,95103.396960,2227.131679,91.020000,AT/50set.csv
ATPlace2.5D,multigpu_wl06,1,95248.093136,2227.131679,91.270000,AT/50set.csv
ATPlace2.5D,multigpu_wl07,1,95220.136928,2227.131679,91.260000,AT/50set.csv
ATPlace2.5D,multigpu_wl08,1,95077.707916,2227.131679,90.940000,AT/50set.csv
ATPlace2.5D,multigpu_wl09,1,95092.699692,2227.131679,91.020000,AT/50set.csv
ATPlace2.5D,multigpu_wl10,1,95240.328364,2227.131679,91.260000,AT/50set.csv
ATPlace2.5D,multigpu_wl11,1,95089.594924,2227.131679,91.020000,AT/50set.csv
ATPlace2.5D,multigpu_wl12,1,95095.290776,2227.131679,91.020000,AT/50set.csv
ATPlace2.5D,multigpu_wl13,1,95076.988044,2227.131679,91.030000,AT/50set.csv
ATPlace2.5D,multigpu_wl14,1,94364.501752,2210.712041,91.290000,AT/50set.csv
ATPlace2.5D,multigpu_wl15,1,95087.456196,2227.131679,91.030000,AT/50set.csv
ATPlace2.5D,multigpu_wl16,1,95216.898732,2227.131679,91.260000,AT/50set.csv
ATPlace2.5D,multigpu_wl17,1,89790.106464,2193.149306,95.790000,AT/50set.csv
ATPlace2.5D,multigpu_wl18,1,90036.501426,2227.131679,95.130000,AT/50set.csv
ATPlace2.5D,multigpu_wl19,1,90810.498204,2226.588587,95.100000,AT/50set.csv
ATPlace2.5D,multigpu_wl20,1,87878.522176,2184.055359,95.500000,AT/50set.csv
ATPlace2.5D,multigpu_wl21,1,91072.988864,2227.131679,94.570000,AT/50set.csv
ATPlace2.5D,multigpu_wl22,1,89609.942234,2227.131679,94.960000,AT/50set.csv
ATPlace2.5D,multigpu_wl23,1,87383.032046,2164.513765,96.360000,AT/50set.csv
ATPlace2.5D,multigpu_wl24,1,86971.502074,2181.656659,95.800000,AT/50set.csv
ATPlace2.5D,multigpu_wl25,1,87127.858072,2227.131679,96.550000,AT/50set.csv
ATPlace2.5D,multigpu_wl26,1,87685.645368,2200.387873,96.280000,AT/50set.csv
ATPlace2.5D,multigpu_wl27,1,85820.300904,2186.445707,94.110000,AT/50set.csv
ATPlace2.5D,multigpu_wl28,1,87380.351572,2201.945280,94.850000,AT/50set.csv
ATPlace2.5D,multigpu_wl29,1,74376.301732,2124.233868,100.120000,AT/50set.csv
ATPlace2.5D,multigpu_wl30,1,71809.824748,2122.727389,101.260000,AT/50set.csv
ATPlace2.5D,multigpu_wl31,1,73810.717008,2122.727389,100.290000,AT/50set.csv
ATPlace2.5D,multigpu_wl32,1,82013.870002,2177.883383,101.240000,AT/50set.csv
ATPlace2.5D,multigpu_wl33,1,75719.703416,2166.208715,100.860000,AT/50set.csv
ATPlace2.5D,multigpu_wl34,1,72633.948428,2122.727389,101.270000,AT/50set.csv
ATPlace2.5D,multigpu_wl35,1,75954.322938,2127.308837,100.740000,AT/50set.csv
ATPlace2.5D,multigpu_wl36,1,86064.190856,2208.940964,96.320000,AT/50set.csv
ATPlace2.5D,multigpu_wl37,1,73656.255148,2075.989714,100.080000,AT/50set.csv
ATPlace2.5D,multigpu_wl38,1,69977.839632,2122.727389,98.910000,AT/50set.csv
ATPlace2.5D,multigpu_wl39,1,75157.399180,2102.947018,100.120000,AT/50set.csv
ATPlace2.5D,multigpu_wl40,1,78113.164388,2148.717245,101.190000,AT/50set.csv
ATPlace2.5D,multigpu_wl41,1,77625.776096,2135.568377,101.270000,AT/50set.csv
ATPlace2.5D,multigpu_wl42,1,74679.174136,2110.453377,99.780000,AT/50set.csv
ATPlace2.5D,multigpu_wl43,1,72609.104410,2113.631855,101.510000,AT/50set.csv
ATPlace2.5D,multigpu_wl44,1,74839.893068,2129.754269,101.150000,AT/50set.csv
ATPlace2.5D,multigpu_wl45,1,72425.591974,2122.727389,99.900000,AT/50set.csv
ATPlace2.5D,multigpu_wl46,1,80469.695980,2180.644840,101.390000,AT/50set.csv
ATPlace2.5D,multigpu_wl47,1,72035.209116,2122.727389,99.840000,AT/50set.csv
ATPlace2.5D,multigpu_wl48,1,68640.478194,2122.727389,102.300000,AT/50set.csv
ATPlace2.5D,multigpu_wl49,1,73174.212248,2135.155911,100.310000,AT/50set.csv
RLPlanner,multigpu,1,106934.467524,2163.934312,90.110000,RL/result.csv
RLPlanner,multigpu,2,104759.507650,2056.870849,90.620000,RL/result.csv
RLPlanner,multigpu,3,107542.640688,2189.058492,89.900000,RL/result.csv
RLPlanner,multigpu,4,102115.544594,2183.479895,90.580000,RL/result.csv
RLPlanner,multigpu,5,104424.528258,2100.066325,90.890000,RL/result.csv
MILP,multigpu,1,65371.865000,1731.642600,102.770000,ILP/result.csv
TW-FM,multigpu_thermal0_wirelength0,121,83797.805556,1845.304864,96.370000,result_seed121_7case.csv
TW-FM,multigpu_thermal0_wirelength0p02,121,77952.197682,1952.537432,96.410000,result_seed121_7case.csv
TW-FM,multigpu_thermal0_wirelength0p2,121,76525.501058,1720.730116,99.470000,result_seed121_7case.csv
TW-FM,multigpu_thermal0_wirelength2,121,97880.766008,1644.236590,103.450000,result_seed121_7case.csv
TW-FM,multigpu_thermal0p01_wirelength0,121,83615.109128,1884.185316,96.060000,result_seed121_7case.csv
TW-FM,multigpu_thermal0p01_wirelength0p02,121,77960.363292,1951.628154,96.440000,result_seed121_7case.csv
TW-FM,multigpu_thermal0p01_wirelength0p2,121,76615.202482,1729.573001,99.370000,result_seed121_7case.csv
TW-FM,multigpu_thermal0p01_wirelength2,121,85322.442954,1718.003106,99.930000,result_seed121_7case.csv
TW-FM,multigpu_thermal0p03_wirelength0,121,83814.991160,1848.393173,96.340000,result_seed121_7case.csv
TW-FM,multigpu_thermal0p03_wirelength0p02,121,77988.397274,1949.475601,96.470000,result_seed121_7case.csv
TW-FM,multigpu_thermal0p03_wirelength0p2,121,78879.457614,1723.869929,99.500000,result_seed121_7case.csv
TW-FM,multigpu_thermal0p03_wirelength2,121,96795.966396,1793.329959,100.200000,result_seed121_7case.csv
TW-FM,multigpu_thermal0p1_wirelength0,121,83250.772800,1892.847620,95.860000,result_seed121_7case.csv
TW-FM,multigpu_thermal0p1_wirelength0p02,121,77988.632428,1957.725347,96.370000,result_seed121_7case.csv
TW-FM,multigpu_thermal0p1_wirelength0p2,121,76714.855184,1724.351176,99.460000,result_seed121_7case.csv
TW-FM,multigpu_thermal0p1_wirelength2,121,73376.352610,1487.457791,100.150000,result_seed121_7case.csv
TW-FM,multigpu_thermal0p3_wirelength0,121,85392.596880,1947.991280,95.280000,result_seed121_7case.csv
TW-FM,multigpu_thermal0p3_wirelength0p02,121,78306.446810,1999.816797,95.760000,result_seed121_7case.csv
TW-FM,multigpu_thermal0p3_wirelength0p2,121,112629.540248,1715.728369,97.870000,result_seed121_7case.csv
TW-FM,multigpu_thermal0p3_wirelength2,121,77642.727086,1593.688514,102.610000,result_seed121_7case.csv
TW-FM,multigpu_thermal0p3_wirelength50,121,95876.974128,1659.503136,102.040000,result_seed121_7case.csv
TW-FM,multigpu_thermal100_wirelength0,121,126481.747332,1856.929931,98.730000,result_seed121_7case.csv
TW-FM,multigpu_thermal100_wirelength0p02,121,133020.560900,1895.089563,101.130000,result_seed121_7case.csv
TW-FM,multigpu_thermal100_wirelength0p2,121,92803.982268,1619.750553,101.050000,result_seed121_7case.csv
TW-FM,multigpu_thermal100_wirelength2,121,120687.384832,1377.522779,101.630000,result_seed121_7case.csv
TW-FM,multigpu_thermal10_wirelength0,121,80319.313898,2170.413860,93.850000,result_seed121_7case.csv
TW-FM,multigpu_thermal10_wirelength0p02,121,94764.385388,1784.379597,96.060000,result_seed121_7case.csv
TW-FM,multigpu_thermal10_wirelength0p2,121,127293.743150,1804.859539,94.640000,result_seed121_7case.csv
TW-FM,multigpu_thermal10_wirelength2,121,87414.700788,1918.231002,98.130000,result_seed121_7case.csv
TW-FM,multigpu_thermal1_wirelength0,121,84934.947744,2026.809267,94.640000,result_seed121_7case.csv
TW-FM,multigpu_thermal1_wirelength0p02,121,80054.947942,2182.806844,93.950000,result_seed121_7case.csv
TW-FM,multigpu_thermal1_wirelength0p2,121,108954.524670,1752.990169,98.140000,result_seed121_7case.csv
TW-FM,multigpu_thermal1_wirelength2,121,76487.614364,1749.838562,100.330000,result_seed121_7case.csv
TW-FM,multigpu_thermal1_wirelength50,121,121476.922152,1716.618867,100.410000,result_seed121_7case.csv
TW-FM,multigpu_thermal30_wirelength0,121,80760.858592,2147.284636,94.060000,result_seed121_7case.csv
TW-FM,multigpu_thermal30_wirelength0p02,121,79364.808544,2193.443541,93.560000,result_seed121_7case.csv
TW-FM,multigpu_thermal30_wirelength0p2,121,114482.295886,1957.213021,94.240000,result_seed121_7case.csv
TW-FM,multigpu_thermal30_wirelength2,121,77874.947770,1786.903488,100.270000,result_seed121_7case.csv
TW-FM,multigpu_thermal30_wirelength50,121,100067.853504,1354.973058,102.770000,result_seed121_7case.csv
TW-FM,multigpu_thermal3_wirelength0,121,84708.349052,2149.414709,94.370000,result_seed121_7case.csv
TW-FM,multigpu_thermal3_wirelength0p02,121,97909.454216,2122.550485,94.800000,result_seed121_7case.csv
TW-FM,multigpu_thermal3_wirelength0p2,121,139515.424680,1707.380326,98.030000,result_seed121_7case.csv
TW-FM,multigpu_thermal3_wirelength2,121,97284.136158,1623.689618,101.620000,result_seed121_7case.csv
TW-FM,multigpu_t0-w0p02,946615675,189880.194888,1641.285642,98.380000,result_seed121_7case.csv
TW-FM,multigpu_t0p01-w0p02,1056634028,103916.544192,1466.986502,101.360000,result_seed121_7case.csv
TW-FM,multigpu_t0p03-w0p02,946615675,143962.553826,1618.499721,99.030000,result_seed121_7case.csv
TW-FM,multigpu_t0p3-w0,1486441653,79145.159440,1931.288184,94.190000,result_seed121_7case.csv
TW-FM,multigpu_t0p3-w0p02,946615675,89531.006210,1788.450105,97.040000,result_seed121_7case.csv
TW-FM,multigpu_t100-w0p2,946615675,96143.544340,2124.011024,91.410000,result_seed121_7case.csv
TW-FM,multigpu_t3-w2,1056634028,74105.101892,1724.334868,97.410000,result_seed121_7case.csv
