method,case,pick,seed,n_chiplets,total_wirelength_mm,avg_wirelength_mm,avg_temp_C,max_temp_C,bbox_area_mm2
FM,Case10,bestT,64,61,325625.02082,30.835703,91.19655,106.59,2060.355438
FM,Case10,bestWL,73,61,239390.455446,22.669551,92.675618,114.57,2079.357615
FM,Case6,bestT,67,20,309760.488038,27.500043,81.753862,97.48,2409.804061
FM,Case6,bestWL,79,20,246875.649612,21.917227,82.404429,106.11,2401.502337
FM,Case7,bestT,65,28,82669.562404,14.678544,67.314021,77.14,675.640755
FM,Case7,bestWL,67,28,65994.069038,11.717697,67.792432,80.46,688.224175
FM,Case8,bestT,65,36,82282.855692,13.955708,70.368401,78.96,472.396792
FM,Case8,bestWL,66,36,62183.540484,10.546733,70.597441,79.62,492.01089
FM,Case9,bestT,76,44,498714.5679,32.570178,96.761123,117.31,3720.854511
FM,Case9,bestWL,68,44,440075.187572,28.740543,99.439661,124.98,3633.257739
FM,acend910,bestT,76,6,48016.191974,19.614458,62.255027,73.65,1653.56288
FM,acend910,bestWL,69,6,20153.16952,8.232504,62.835815,75.04,1866.901847
FM,cpu-dram,bestT,62,8,140831.87547,13.753113,92.021038,110.53,846.243147
FM,cpu-dram,bestWL,62,8,140831.87547,13.753113,92.021038,110.53,846.243147
FM,hp11_m,bestT,74,11,218854.051972,18.997748,73.842971,95.89,1604.13424
FM,hp11_m,bestWL,77,11,160107.743454,13.898242,75.282993,101.94,1541.391669
FM,multigpu,bestT,61,6,93857.164418,13.578872,80.389746,97.01,1529.100554
FM,multigpu,bestWL,63,6,88225.133978,12.764053,82.900071,99.54,1661.702625
FM,syn1,bestT,80,10,152154.37026,19.811767,77.068503,85.76,1407.83145
FM,syn1,bestWL,76,10,98545.073338,12.83139,77.784192,93.04,1391.411313
FM,syn4,bestT,73,13,209715.312884,16.062754,77.303047,88.45,1150.92901
FM,syn4,bestWL,65,13,173400.875264,13.281317,76.255847,89.16,1198.56403
FM,syn6,bestT,80,15,431368.356352,21.062908,74.992502,85.67,1398.695547
FM,syn6,bestWL,79,15,305491.56838,14.91658,76.075845,90.49,1251.646644
FM,xerox8_m,bestT,67,8,220655.729448,22.100934,64.056006,79.27,2134.265523
FM,xerox8_m,bestWL,61,8,146224.141446,14.645848,64.331189,85.7,1964.441195
RL,Case10,,1,61,282828.898664,26.78304,89.876855,104.77,2357.743598
RL,Case10,,2,61,235439.356532,22.295394,89.534382,104.33,2312.773775
RL,Case10,,3,61,292575.887842,27.70605,89.491326,104.45,2338.99044
RL,Case10,,4,61,277853.871088,26.31192,89.990422,105.95,2357.743598
RL,Case10,,5,61,302658.38831,28.660832,89.052153,103.75,2357.743598
RL,Case6,,1,20,288402.751768,25.603937,80.153333,94.79,2577.342407
RL,Case6,,2,20,287171.507972,25.49463,80.367156,94.23,2451.580306
RL,Case6,,3,20,256414.49481,22.764071,81.036299,96.22,2483.726752
RL,Case6,,4,20,254371.629258,22.582709,81.067024,95.25,2419.871353
RL,Case6,,5,20,286664.834468,25.449648,80.472061,94.1,2473.684921
RL,Case7,,1,28,61041.709298,10.838372,67.079375,78.69,751.795037
RL,Case7,,2,28,59137.162486,10.500206,67.09792,78.96,745.044486
RL,Case7,,3,28,68540.5679,12.169845,66.730161,76.9,751.482504
RL,Case7,,4,28,65210.115148,11.578501,66.914451,77.56,725.485101
RL,Case7,,5,28,61859.58023,10.98359,66.866118,79.16,747.014921
RL,Case8,,1,36,65315.452874,11.077926,69.215437,77.95,560.618418
RL,Case8,,2,36,60218.550106,10.213458,69.032234,77.13,556.077712
RL,Case8,,3,36,65263.777462,11.069162,68.932129,77.1,559.835644
RL,Case8,,4,36,67491.379164,11.446977,69.121973,77.49,551.847199
RL,Case8,,5,36,62711.282052,10.636242,69.078564,76.89,556.077712
RL,Case9,,1,44,594746.32342,38.841845,95.246272,113.52,4181.09846
RL,Case9,,2,44,582735.598336,38.057445,94.679385,112.14,4181.09846
RL,Case9,,3,44,547102.09177,35.730283,94.600024,113.51,4181.09846
RL,Case9,,4,44,613080.703704,40.039231,94.243201,112.52,4181.09846
RL,Case9,,5,44,517624.63738,33.805162,95.812493,115.05,4181.09846
RL,acend910,,1,6,19577.542562,7.997362,63.177588,75.18,1781.594701
RL,acend910,,2,6,18625.392544,7.608412,63.888577,75.13,1660.188924
RL,acend910,,3,6,17692.861952,7.227476,64.427847,75.29,1541.300026
RL,acend910,,4,6,18808.03638,7.683021,64.483989,75.22,1577.417837
RL,acend910,,5,6,17972.290984,7.341622,63.786187,75.22,1677.917845
RL,cpu-dram,,1,8,132058.271792,12.896316,84.598943,100.93,1124.233766
RL,cpu-dram,,2,8,159351.635852,15.561683,84.606912,101.46,1130.501631
RL,cpu-dram,,3,8,136566.912018,13.336613,83.388823,99.93,1235.006922
RL,cpu-dram,,4,8,127487.870228,12.449987,85.482002,102.54,1137.000044
RL,cpu-dram,,5,8,170343.848856,16.635141,84.034817,100.52,1216.74125
RL,hp11_m,,1,11,198632.861232,17.242436,71.990447,86.72,1843.441617
RL,hp11_m,,2,11,199698.101548,17.334905,72.156055,88.34,1852.984409
RL,hp11_m,,3,11,197961.740124,17.184179,71.845247,87.3,1876.5219
RL,hp11_m,,4,11,202949.067358,17.617107,72.107451,87.89,1877.739616
RL,hp11_m,,5,11,223745.516706,19.422354,71.692319,86.43,1888.804804
RL,multigpu,,1,6,106934.467524,15.470843,77.125063,90.11,2163.934312
RL,multigpu,,2,6,104759.50765,15.156179,77.916321,90.62,2056.870849
RL,multigpu,,3,6,107542.640688,15.558831,76.723945,89.9,2189.058492
RL,multigpu,,4,6,102115.544594,14.773661,77.411423,90.58,2183.479895
RL,multigpu,,5,6,104424.528258,15.107715,77.740249,90.89,2100.066325
RL,syn1,,1,10,131792.101932,17.16043,76.306956,85.11,1489.057636
RL,syn1,,2,10,137603.559738,17.91713,75.279595,83.43,1644.274212
RL,syn1,,3,10,108579.180112,14.137914,75.583938,84.89,1617.863323
RL,syn1,,4,10,121719.508472,15.848894,75.111133,84.12,1670.110184
RL,syn1,,5,10,116609.619906,15.183544,75.055703,84.93,1650.981987
RL,syn4,,1,13,236056.085744,18.080276,74.342632,83.36,1374.121831
RL,syn4,,2,13,230002.334584,17.6166,74.362756,83.26,1396.321102
RL,syn4,,3,13,232496.01441,17.807599,74.188284,82.32,1359.383476
RL,syn4,,4,13,207675.516588,15.906519,74.778313,83.11,1384.261054
RL,syn4,,5,13,192173.196582,14.719148,74.766323,84.81,1368.70325
RL,xerox8_m,,1,8,132309.201278,13.252124,64.287876,80.67,2374.788976
RL,xerox8_m,,2,8,133598.687278,13.381279,64.745969,78.27,2115.100194
RL,xerox8_m,,3,8,129662.19874,12.986999,64.194043,79.96,2372.62749
RL,xerox8_m,,4,8,137843.566422,13.806447,64.940415,79.9,2134.243581
RL,xerox8_m,,5,8,135141.645368,13.535822,65.003345,79.04,2054.699857
AT,Case10,,1,61,98096.683546,9.289459,90.847126,117.11,2298.067724
AT,Case10,,2,61,91049.77325,8.622138,90.495737,115.36,2347.755172
AT,Case10,,3,61,91805.541908,8.693707,90.627712,115.86,2298.125339
AT,Case10,,4,61,93377.99446,8.842613,91.293965,117.14,2298.44239
AT,Case10,,5,61,97460.974922,9.229259,90.752783,116.96,2348.042277
AT,Case6,,1,20,77594.457598,6.888712,81.826807,100.04,2567.198698
AT,Case6,,2,20,71683.377798,6.363936,82.895342,105.31,2377.551142
AT,Case6,,3,20,74272.061192,6.593755,82.113467,101.36,2567.198698
AT,Case6,,4,20,75305.52913,6.685505,82.034053,100.91,2567.198698
AT,Case6,,5,20,75321.6124,6.686933,82.115706,101.1,2567.198698
AT,Case7,,1,28,32759.106056,5.816603,67.05321,79.67,748.002876
AT,Case7,,2,28,33893.21108,6.017971,66.923264,79.27,753.484493
AT,Case7,,3,28,34280.509786,6.086738,66.910085,79.24,753.188915
AT,Case7,,4,28,32331.23014,5.74063,67.026555,79.71,752.220024
AT,Case7,,5,28,43184.643922,7.667728,66.638506,77.19,753.484493
AT,Case8,,1,36,37219.621658,6.31269,68.04051,75.03,555.892895
AT,Case8,,2,36,21644.002582,3.670964,69.007131,80.29,453.247446
AT,Case8,,3,36,38021.002126,6.44861,67.99739,74.86,555.892895
AT,Case8,,4,36,37955.992462,6.437584,68.16519,75.06,555.892895
AT,Case8,,5,36,37249.472862,6.317753,68.242058,75.4,555.892895
AT,Case9,,1,44,116510.530964,7.609099,94.858247,112.78,4168.176178
AT,Case9,,2,44,110463.47089,7.214177,95.651741,114.41,4168.176178
AT,Case9,,3,44,112677.31673,7.358759,95.116028,113.72,4168.176178
AT,Case9,,4,44,101525.072186,6.630425,97.025322,120.74,4156.857012
AT,Case9,,5,44,112044.013552,7.317399,95.710647,115.47,4168.176178
AT,acend910,,1,6,32630.466936,13.329439,62.711257,74.4,1975.511483
AT,acend910,,2,6,34491.438936,14.08964,62.74438,74.44,1679.637797
AT,acend910,,3,6,34067.63949,13.916519,62.758918,74.42,1694.997185
AT,acend910,,4,6,34141.402796,13.946651,62.745476,74.44,1630.087661
AT,acend910,,5,6,36426.736288,14.880203,62.701445,74.31,1584.358535
AT,cpu-dram,,1,8,92720.083844,9.054696,88.229966,116.35,1002.890737
AT,cpu-dram,,2,8,93614.959348,9.142086,88.133003,115.05,1039.75505
AT,cpu-dram,,3,8,94161.045798,9.195415,88.148794,114.94,996.673569
AT,cpu-dram,,4,8,87966.692346,8.590497,88.203164,117.0,1012.947284
AT,cpu-dram,,5,8,95058.064864,9.283014,87.929207,114.25,1063.732321
AT,hp11_m,,1,11,126337.86199,10.966828,74.026086,102.73,1783.597746
AT,hp11_m,,2,11,150120.218522,13.031269,72.823599,97.82,1880.122814
AT,hp11_m,,3,11,161288.04117,14.000698,73.604419,99.05,1804.65914
AT,hp11_m,,4,11,128268.949014,11.134457,73.657104,103.03,1774.306916
AT,hp11_m,,5,11,114529.813128,9.941824,73.6871,103.13,1712.026316
AT,multigpu,,1,6,89476.187916,12.94505,79.550303,95.6,2227.131679
AT,multigpu,,2,6,85149.039144,12.319016,79.441848,95.93,2204.699858
AT,multigpu,,3,6,83160.996624,12.031394,79.457778,95.39,2227.131679
AT,multigpu,,4,6,78097.173884,11.298781,80.727729,100.05,2006.1319
AT,multigpu,,5,6,83549.497012,12.087601,79.826609,96.41,2227.131679
AT,syn1,,1,10,68450.333138,8.912804,76.201677,92.77,1612.555657
AT,syn1,,2,10,70249.913016,9.147124,75.977505,92.58,1664.35375
AT,syn1,,3,10,69938.420686,9.106565,76.580918,91.96,1536.618303
AT,syn1,,4,10,67660.33837,8.80994,76.257507,92.98,1609.697614
AT,syn1,,5,10,64822.851274,8.440475,76.641218,94.1,1522.092886
AT,syn4,,1,13,98444.783504,7.540195,77.465818,95.42,1086.087272
AT,syn4,,2,13,106864.184972,8.185063,76.68011,92.74,1278.042763
AT,syn4,,3,13,105171.53632,8.055418,76.583455,93.33,1165.998265
AT,syn4,,4,13,95423.326868,7.308772,77.453035,93.81,1199.61539
AT,syn4,,5,13,108352.847476,8.299085,76.48365,92.43,1119.433529
AT,xerox8_m,,1,8,98524.069448,9.868196,65.300327,81.24,2077.278803
AT,xerox8_m,,2,8,104877.021856,10.504509,67.186111,80.96,1700.383153
AT,xerox8_m,,3,8,101627.976288,10.179084,65.326689,80.94,1821.925903
AT,xerox8_m,,4,8,104784.425124,10.495235,67.932251,81.91,1653.642451
AT,xerox8_m,,5,8,112907.167932,11.308811,65.478,80.19,1897.370687
